case,bstep,burnup_MWd_kgHM,row_1of8,col_1of8,power_raw,power_normalized,rel_error_pct
M87-20,0,0.000000,2,1,0.004021,1.063603,6.360334
M87-20,0,0.000000,2,2,0.003804,1.006116,0.611577
M87-20,0,0.000000,3,1,0.004050,1.071170,7.117049
M87-20,0,0.000000,3,2,0.003803,1.005923,0.592269
M87-20,0,0.000000,3,3,0.003847,1.017489,1.748897
M87-20,0,0.000000,4,2,0.004104,1.085400,8.540021
M87-20,0,0.000000,4,3,0.004145,1.096247,9.624708
M87-20,0,0.000000,5,1,0.004202,1.111437,11.143691
M87-20,0,0.000000,5,2,0.003961,1.047596,4.759622
M87-20,0,0.000000,5,3,0.004007,1.059760,5.976026
M87-20,0,0.000000,5,4,0.004356,1.152050,15.204982
M87-20,0,0.000000,5,5,0.003931,1.039656,3.965614
M87-20,0,0.000000,6,1,0.003949,1.044459,4.445933
M87-20,0,0.000000,6,2,0.003721,0.984126,-1.587418
M87-20,0,0.000000,6,3,0.003739,0.988985,-1.101544
M87-20,0,0.000000,6,4,0.004069,1.076191,7.619057
M87-20,0,0.000000,6,5,0.004237,1.120538,12.053812
M87-20,0,0.000000,7,2,0.004065,1.075096,7.509556
M87-20,0,0.000000,7,3,0.004086,1.080586,8.058644
M87-20,0,0.000000,7,5,0.004264,1.127878,12.787780
M87-20,0,0.000000,7,6,0.004127,1.091457,9.145711
M87-20,0,0.000000,7,7,0.003884,1.027386,2.738630
M87-20,0,0.000000,8,1,0.004186,1.107091,10.709129
M87-20,0,0.000000,8,2,0.003987,1.054404,5.440427
M87-20,0,0.000000,8,3,0.003991,1.055576,5.557598
M87-20,0,0.000000,8,4,0.004211,1.113701,11.370097
M87-20,0,0.000000,8,5,0.004002,1.058586,5.858591
M87-20,0,0.000000,8,6,0.003876,1.025104,2.510373
M87-20,0,0.000000,8,7,0.003901,1.031740,3.173986
M87-20,0,0.000000,8,8,0.003002,0.794019,-20.598149
M87-20,0,0.000000,9,1,0.003074,0.813090,-18.690968
M87-20,0,0.000000,9,2,0.003060,0.809276,-19.072367
M87-20,0,0.000000,9,3,0.003064,0.810523,-18.947712
M87-20,0,0.000000,9,4,0.003101,0.820074,-17.992601
M87-20,0,0.000000,9,5,0.003069,0.811737,-18.826310
M87-20,0,0.000000,9,6,0.003054,0.807718,-19.228154
M87-20,0,0.000000,9,7,0.003087,0.816445,-18.355512
M87-20,0,0.000000,9,8,0.003151,0.833387,-16.661328
M87-20,0,0.000000,9,9,0.003268,0.864379,-13.562051
M87-20,1,0.100000,2,1,0.004020,1.063380,6.337965
M87-20,1,0.100000,2,2,0.003817,1.009760,0.975951
M87-20,1,0.100000,3,1,0.004048,1.070826,7.082616
M87-20,1,0.100000,3,2,0.003818,1.009860,0.986003
M87-20,1,0.100000,3,3,0.003846,1.017333,1.733299
M87-20,1,0.100000,4,2,0.004104,1.085592,8.559220
M87-20,1,0.100000,4,3,0.004142,1.095710,9.571045
M87-20,1,0.100000,5,1,0.004208,1.113236,11.323553
M87-20,1,0.100000,5,2,0.003967,1.049418,4.941778
M87-20,1,0.100000,5,3,0.004008,1.060322,6.032169
M87-20,1,0.100000,5,4,0.004359,1.153034,15.303400
M87-20,1,0.100000,5,5,0.003933,1.040344,4.034442
M87-20,1,0.100000,6,1,0.003950,1.044937,4.493665
M87-20,1,0.100000,6,2,0.003717,0.983129,-1.687068
M87-20,1,0.100000,6,3,0.003755,0.993271,-0.672861
M87-20,1,0.100000,6,4,0.004049,1.070961,7.096107
M87-20,1,0.100000,6,5,0.004248,1.123843,12.384317
M87-20,1,0.100000,7,2,0.004059,1.073675,7.367514
M87-20,1,0.100000,7,3,0.004085,1.080487,8.048678
M87-20,1,0.100000,7,5,0.004266,1.128398,12.839837
M87-20,1,0.100000,7,6,0.004147,1.097017,9.701723
M87-20,1,0.100000,7,7,0.003886,1.028041,2.804115
M87-20,1,0.100000,8,1,0.004173,1.103948,10.394790
M87-20,1,0.100000,8,2,0.003963,1.048428,4.842844
M87-20,1,0.100000,8,3,0.003996,1.057100,5.709972
M87-20,1,0.100000,8,4,0.004226,1.117986,11.798648
M87-20,1,0.100000,8,5,0.003997,1.057399,5.739864
M87-20,1,0.100000,8,6,0.003880,1.026409,2.640900
M87-20,1,0.100000,8,7,0.003881,1.026507,2.650688
M87-20,1,0.100000,8,8,0.002996,0.792499,-20.750071
M87-20,1,0.100000,9,1,0.003078,0.814188,-18.581167
M87-20,1,0.100000,9,2,0.003072,0.812564,-18.743588
M87-20,1,0.100000,9,3,0.003070,0.812025,-18.797500
M87-20,1,0.100000,9,4,0.003081,0.814979,-18.502073
M87-20,1,0.100000,9,5,0.003069,0.811786,-18.821387
M87-20,1,0.100000,9,6,0.003046,0.805872,-19.412795
M87-20,1,0.100000,9,7,0.003066,0.810989,-18.901142
M87-20,1,0.100000,9,8,0.003161,0.836143,-16.385652
M87-20,1,0.100000,9,9,0.003246,0.858602,-14.139796
M87-20,2,0.400000,2,1,0.004040,1.067860,6.785985
M87-20,2,0.400000,2,2,0.003820,1.009779,0.977894
M87-20,2,0.400000,3,1,0.004073,1.076577,7.657701
M87-20,2,0.400000,3,2,0.003827,1.011489,1.148907
M87-20,2,0.400000,3,3,0.003856,1.019223,1.922297
M87-20,2,0.400000,4,2,0.004113,1.087031,8.703072
M87-20,2,0.400000,4,3,0.004136,1.093253,9.325274
M87-20,2,0.400000,5,1,0.004210,1.112881,11.288088
M87-20,2,0.400000,5,2,0.003981,1.052175,5.217531
M87-20,2,0.400000,5,3,0.004010,1.059870,5.986956
M87-20,2,0.400000,5,4,0.004334,1.145505,14.550547
M87-20,2,0.400000,5,5,0.003967,1.048536,4.853567
M87-20,2,0.400000,6,1,0.003941,1.041714,4.171366
M87-20,2,0.400000,6,2,0.003722,0.983720,-1.628003
M87-20,2,0.400000,6,3,0.003764,0.994882,-0.511794
M87-20,2,0.400000,6,4,0.004072,1.076260,7.625983
M87-20,2,0.400000,6,5,0.004258,1.125563,12.556279
M87-20,2,0.400000,7,2,0.004058,1.072493,7.249332
M87-20,2,0.400000,7,3,0.004093,1.081810,8.181047
M87-20,2,0.400000,7,5,0.004252,1.123855,12.385530
M87-20,2,0.400000,7,6,0.004151,1.097210,9.720955
M87-20,2,0.400000,7,7,0.003868,1.022474,2.247406
M87-20,2,0.400000,8,1,0.004188,1.106862,10.686239
M87-20,2,0.400000,8,2,0.003958,1.046080,4.608017
M87-20,2,0.400000,8,3,0.003991,1.054900,5.490041
M87-20,2,0.400000,8,4,0.004214,1.113745,11.374519
M87-20,2,0.400000,8,5,0.003994,1.055630,5.562992
M87-20,2,0.400000,8,6,0.003877,1.024668,2.466789
M87-20,2,0.400000,8,7,0.003866,1.021951,2.195071
M87-20,2,0.400000,8,8,0.003011,0.795762,-20.423761
M87-20,2,0.400000,9,1,0.003082,0.814664,-18.533555
M87-20,2,0.400000,9,2,0.003082,0.814585,-18.541458
M87-20,2,0.400000,9,3,0.003067,0.810607,-18.939333
M87-20,2,0.400000,9,4,0.003085,0.815518,-18.448233
M87-20,2,0.400000,9,5,0.003058,0.808272,-19.172778
M87-20,2,0.400000,9,6,0.003053,0.806892,-19.310804
M87-20,2,0.400000,9,7,0.003078,0.813598,-18.640233
M87-20,2,0.400000,9,8,0.003148,0.832112,-16.788775
M87-20,2,0.400000,9,9,0.003254,0.859993,-14.000659
M87-20,3,0.700000,2,1,0.004025,1.064150,6.415040
M87-20,3,0.700000,2,2,0.003818,1.009422,0.942245
M87-20,3,0.700000,3,1,0.004070,1.076220,7.622021
M87-20,3,0.700000,3,2,0.003837,1.014412,1.441166
M87-20,3,0.700000,3,3,0.003850,1.018060,1.806037
M87-20,3,0.700000,4,2,0.004128,1.091450,9.144960
M87-20,3,0.700000,4,3,0.004144,1.095564,9.556364
M87-20,3,0.700000,5,1,0.004193,1.108680,10.868048
M87-20,3,0.700000,5,2,0.003984,1.053270,5.327038
M87-20,3,0.700000,5,3,0.004035,1.066757,6.675737
M87-20,3,0.700000,5,4,0.004372,1.155950,15.594973
M87-20,3,0.700000,5,5,0.003950,1.044492,4.449234
M87-20,3,0.700000,6,1,0.003945,1.043184,4.318356
M87-20,3,0.700000,6,2,0.003726,0.985222,-1.477798
M87-20,3,0.700000,6,3,0.003740,0.988794,-1.120595
M87-20,3,0.700000,6,4,0.004049,1.070578,7.057794
M87-20,3,0.700000,6,5,0.004263,1.127061,12.706150
M87-20,3,0.700000,7,2,0.004046,1.069809,6.980854
M87-20,3,0.700000,7,3,0.004072,1.076667,7.666705
M87-20,3,0.700000,7,5,0.004240,1.121017,12.101734
M87-20,3,0.700000,7,6,0.004157,1.099130,9.913039
M87-20,3,0.700000,7,7,0.003914,1.034836,3.483649
M87-20,3,0.700000,8,1,0.004160,1.099908,9.990772
M87-20,3,0.700000,8,2,0.003971,1.049963,4.996275
M87-20,3,0.700000,8,3,0.003985,1.053723,5.372250
M87-20,3,0.700000,8,4,0.004204,1.111626,11.162588
M87-20,3,0.700000,8,5,0.003993,1.055624,5.562353
M87-20,3,0.700000,8,6,0.003869,1.023087,2.308659
M87-20,3,0.700000,8,7,0.003890,1.028636,2.863633
M87-20,3,0.700000,8,8,0.003004,0.794253,-20.574729
M87-20,3,0.700000,9,1,0.003078,0.813753,-18.624654
M87-20,3,0.700000,9,2,0.003076,0.813389,-18.661115
M87-20,3,0.700000,9,3,0.003065,0.810405,-18.959489
M87-20,3,0.700000,9,4,0.003065,0.810312,-18.968770
M87-20,3,0.700000,9,5,0.003057,0.808326,-19.167413
M87-20,3,0.700000,9,6,0.003028,0.800623,-19.937739
M87-20,3,0.700000,9,7,0.003082,0.814814,-18.518578
M87-20,3,0.700000,9,8,0.003155,0.834284,-16.571596
M87-20,3,0.700000,9,9,0.003262,0.862548,-13.745198
M87-20,4,1.000000,2,1,0.004056,1.071330,7.133044
M87-20,4,1.000000,2,2,0.003804,1.004824,0.482395
M87-20,4,1.000000,3,1,0.004050,1.069838,6.983807
M87-20,4,1.000000,3,2,0.003843,1.015080,1.508030
M87-20,4,1.000000,3,3,0.003853,1.017740,1.774014
M87-20,4,1.000000,4,2,0.004106,1.084479,8.447906
M87-20,4,1.000000,4,3,0.004160,1.098729,9.872913
M87-20,4,1.000000,5,1,0.004182,1.104519,10.451896
M87-20,4,1.000000,5,2,0.003990,1.053845,5.384472
M87-20,4,1.000000,5,3,0.004013,1.060007,6.000698
M87-20,4,1.000000,5,4,0.004346,1.148059,14.805893
M87-20,4,1.000000,5,5,0.003945,1.041943,4.194281
M87-20,4,1.000000,6,1,0.003932,1.038594,3.859358
M87-20,4,1.000000,6,2,0.003725,0.983791,-1.620909
M87-20,4,1.000000,6,3,0.003770,0.995669,-0.433096
M87-20,4,1.000000,6,4,0.004065,1.073837,7.383707
M87-20,4,1.000000,6,5,0.004238,1.119490,11.949012
M87-20,4,1.000000,7,2,0.004046,1.068665,6.866532
M87-20,4,1.000000,7,3,0.004095,1.081576,8.157622
M87-20,4,1.000000,7,5,0.004266,1.126701,12.670100
M87-20,4,1.000000,7,6,0.004151,1.096471,9.647078
M87-20,4,1.000000,7,7,0.003899,1.029962,2.996165
M87-20,4,1.000000,8,1,0.004159,1.098542,9.854159
M87-20,4,1.000000,8,2,0.003981,1.051470,5.147015
M87-20,4,1.000000,8,3,0.003986,1.052825,5.282516
M87-20,4,1.000000,8,4,0.004222,1.115248,11.524812
M87-20,4,1.000000,8,5,0.004001,1.056787,5.678718
M87-20,4,1.000000,8,6,0.003880,1.024853,2.485329
M87-20,4,1.000000,8,7,0.003899,1.029801,2.980053
M87-20,4,1.000000,8,8,0.003010,0.795123,-20.487736
M87-20,4,1.000000,9,1,0.003108,0.820981,-17.901910
M87-20,4,1.000000,9,2,0.003064,0.809407,-19.059348
M87-20,4,1.000000,9,3,0.003090,0.816212,-18.378752
M87-20,4,1.000000,9,4,0.003100,0.818881,-18.111897
M87-20,4,1.000000,9,5,0.003059,0.808038,-19.196249
M87-20,4,1.000000,9,6,0.003067,0.810204,-18.979579
M87-20,4,1.000000,9,7,0.003082,0.813952,-18.604825
M87-20,4,1.000000,9,8,0.003148,0.831591,-16.840880
M87-20,4,1.000000,9,9,0.003259,0.860937,-13.906344
M87-20,5,1.300000,2,1,0.004042,1.068133,6.813347
M87-20,5,1.300000,2,2,0.003806,1.005773,0.577303
M87-20,5,1.300000,3,1,0.004063,1.073629,7.362941
M87-20,5,1.300000,3,2,0.003849,1.017061,1.706085
M87-20,5,1.300000,3,3,0.003852,1.017679,1.767915
M87-20,5,1.300000,4,2,0.004104,1.084267,8.426722
M87-20,5,1.300000,4,3,0.004145,1.095328,9.532781
M87-20,5,1.300000,5,1,0.004194,1.108267,10.826705
M87-20,5,1.300000,5,2,0.003982,1.052208,5.220845
M87-20,5,1.300000,5,3,0.003999,1.056558,5.655764
M87-20,5,1.300000,5,4,0.004353,1.150121,15.012075
M87-20,5,1.300000,5,5,0.003950,1.043695,4.369503
M87-20,5,1.300000,6,1,0.003928,1.037972,3.797185
M87-20,5,1.300000,6,2,0.003738,0.987629,-1.237150
M87-20,5,1.300000,6,3,0.003757,0.992636,-0.736438
M87-20,5,1.300000,6,4,0.004071,1.075719,7.571945
M87-20,5,1.300000,6,5,0.004254,1.123936,12.393576
M87-20,5,1.300000,7,2,0.004066,1.074269,7.426884
M87-20,5,1.300000,7,3,0.004088,1.080074,8.007393
M87-20,5,1.300000,7,5,0.004254,1.124034,12.403353
M87-20,5,1.300000,7,6,0.004128,1.090847,9.084650
M87-20,5,1.300000,7,7,0.003885,1.026618,2.661798
M87-20,5,1.300000,8,1,0.004181,1.104663,10.466298
M87-20,5,1.300000,8,2,0.003987,1.053506,5.350581
M87-20,5,1.300000,8,3,0.003983,1.052470,5.247004
M87-20,5,1.300000,8,4,0.004201,1.110043,11.004266
M87-20,5,1.300000,8,5,0.004003,1.057580,5.758020
M87-20,5,1.300000,8,6,0.003875,1.023846,2.384622
M87-20,5,1.300000,8,7,0.003901,1.030732,3.073200
M87-20,5,1.300000,8,8,0.003012,0.795860,-20.413967
M87-20,5,1.300000,9,1,0.003092,0.817121,-18.287910
M87-20,5,1.300000,9,2,0.003083,0.814564,-18.543603
M87-20,5,1.300000,9,3,0.003073,0.812015,-18.798530
M87-20,5,1.300000,9,4,0.003084,0.814831,-18.516863
M87-20,5,1.300000,9,5,0.003067,0.810404,-18.959551
M87-20,5,1.300000,9,6,0.003052,0.806410,-19.358958
M87-20,5,1.300000,9,7,0.003080,0.813751,-18.624933
M87-20,5,1.300000,9,8,0.003163,0.835671,-16.432898
M87-20,5,1.300000,9,9,0.003255,0.860080,-13.991960
M87-20,6,1.600000,2,1,0.004058,1.071619,7.161868
M87-20,6,1.600000,2,2,0.003807,1.005253,0.525265
M87-20,6,1.600000,3,1,0.004058,1.071677,7.167677
M87-20,6,1.600000,3,2,0.003842,1.014624,1.462412
M87-20,6,1.600000,3,3,0.003846,1.015525,1.552456
M87-20,6,1.600000,4,2,0.004113,1.086192,8.619211
M87-20,6,1.600000,4,3,0.004150,1.095788,9.578803
M87-20,6,1.600000,5,1,0.004198,1.108555,10.855530
M87-20,6,1.600000,5,2,0.003998,1.055804,5.580417
M87-20,6,1.600000,5,3,0.004017,1.060663,6.066286
M87-20,6,1.600000,5,4,0.004365,1.152637,15.263736
M87-20,6,1.600000,5,5,0.003943,1.041167,4.116736
M87-20,6,1.600000,6,1,0.003934,1.038894,3.889381
M87-20,6,1.600000,6,2,0.003733,0.985855,-1.414514
M87-20,6,1.600000,6,3,0.003746,0.989145,-1.085496
M87-20,6,1.600000,6,4,0.004058,1.071526,7.152626
M87-20,6,1.600000,6,5,0.004247,1.121544,12.154437
M87-20,6,1.600000,7,2,0.004057,1.071217,7.121731
M87-20,6,1.600000,7,3,0.004071,1.074885,7.488509
M87-20,6,1.600000,7,5,0.004254,1.123182,12.318154
M87-20,6,1.600000,7,6,0.004145,1.094528,9.452847
M87-20,6,1.600000,7,7,0.003898,1.029388,2.938767
M87-20,6,1.600000,8,1,0.004189,1.106189,10.618932
M87-20,6,1.600000,8,2,0.003971,1.048656,4.865608
M87-20,6,1.600000,8,3,0.003998,1.055780,5.578040
M87-20,6,1.600000,8,4,0.004205,1.110314,11.031393
M87-20,6,1.600000,8,5,0.003991,1.053882,5.388182
M87-20,6,1.600000,8,6,0.003878,1.024027,2.402727
M87-20,6,1.600000,8,7,0.003921,1.035466,3.546632
M87-20,6,1.600000,8,8,0.003021,0.797816,-20.218389
M87-20,6,1.600000,9,1,0.003089,0.815663,-18.433665
M87-20,6,1.600000,9,2,0.003078,0.812904,-18.709607
M87-20,6,1.600000,9,3,0.003071,0.810818,-18.918161
M87-20,6,1.600000,9,4,0.003099,0.818272,-18.172774
M87-20,6,1.600000,9,5,0.003076,0.812349,-18.765059
M87-20,6,1.600000,9,6,0.003073,0.811444,-18.855631
M87-20,6,1.600000,9,7,0.003079,0.813094,-18.690594
M87-20,6,1.600000,9,8,0.003144,0.830329,-16.967079
M87-20,6,1.600000,9,9,0.003269,0.863326,-13.667394
M87-20,7,2.000000,2,1,0.004044,1.067648,6.764775
M87-20,7,2.000000,2,2,0.003807,1.005074,0.507418
M87-20,7,2.000000,3,1,0.004052,1.069916,6.991572
M87-20,7,2.000000,3,2,0.003840,1.013930,1.392953
M87-20,7,2.000000,3,3,0.003841,1.014106,1.410642
M87-20,7,2.000000,4,2,0.004099,1.082169,8.216905
M87-20,7,2.000000,4,3,0.004163,1.099106,9.910616
M87-20,7,2.000000,5,1,0.004212,1.111975,11.197466
M87-20,7,2.000000,5,2,0.003997,1.055188,5.518848
M87-20,7,2.000000,5,3,0.004020,1.061462,6.146168
M87-20,7,2.000000,5,4,0.004364,1.152310,15.230954
M87-20,7,2.000000,5,5,0.003945,1.041565,4.156487
M87-20,7,2.000000,6,1,0.003947,1.042106,4.210612
M87-20,7,2.000000,6,2,0.003732,0.985415,-1.458501
M87-20,7,2.000000,6,3,0.003762,0.993312,-0.668807
M87-20,7,2.000000,6,4,0.004059,1.071735,7.173484
M87-20,7,2.000000,6,5,0.004236,1.118462,11.846172
M87-20,7,2.000000,7,2,0.004066,1.073464,7.346419
M87-20,7,2.000000,7,3,0.004081,1.077572,7.757240
M87-20,7,2.000000,7,5,0.004267,1.126604,12.660421
M87-20,7,2.000000,7,6,0.004127,1.089512,8.951154
M87-20,7,2.000000,7,7,0.003877,1.023720,2.371952
M87-20,7,2.000000,8,1,0.004176,1.102496,10.249622
M87-20,7,2.000000,8,2,0.003989,1.053171,5.317134
M87-20,7,2.000000,8,3,0.004003,1.056791,5.679111
M87-20,7,2.000000,8,4,0.004216,1.113060,11.305980
M87-20,7,2.000000,8,5,0.003994,1.054470,5.447034
M87-20,7,2.000000,8,6,0.003886,1.025892,2.589243
M87-20,7,2.000000,8,7,0.003891,1.027284,2.728384
M87-20,7,2.000000,8,8,0.003004,0.793216,-20.678357
M87-20,7,2.000000,9,1,0.003079,0.812833,-18.716663
M87-20,7,2.000000,9,2,0.003077,0.812530,-18.747025
M87-20,7,2.000000,9,3,0.003087,0.815165,-18.483530
M87-20,7,2.000000,9,4,0.003116,0.822674,-17.732647
M87-20,7,2.000000,9,5,0.003079,0.812994,-18.700557
M87-20,7,2.000000,9,6,0.003077,0.812350,-18.764979
M87-20,7,2.000000,9,7,0.003097,0.817710,-18.228958
M87-20,7,2.000000,9,8,0.003152,0.832284,-16.771601
M87-20,7,2.000000,9,9,0.003252,0.858729,-14.127142
M87-20,8,2.500000,2,1,0.004049,1.069522,6.952203
M87-20,8,2.500000,2,2,0.003823,1.009623,0.962343
M87-20,8,2.500000,3,1,0.004069,1.074741,7.474117
M87-20,8,2.500000,3,2,0.003849,1.016657,1.665712
M87-20,8,2.500000,3,3,0.003865,1.020939,2.093861
M87-20,8,2.500000,4,2,0.004122,1.088692,8.869233
M87-20,8,2.500000,4,3,0.004143,1.094368,9.436841
M87-20,8,2.500000,5,1,0.004234,1.118272,11.827185
M87-20,8,2.500000,5,2,0.003979,1.050949,5.094865
M87-20,8,2.500000,5,3,0.004027,1.063751,6.375086
M87-20,8,2.500000,5,4,0.004378,1.156396,15.639587
M87-20,8,2.500000,5,5,0.003935,1.039361,3.936143
M87-20,8,2.500000,6,1,0.003938,1.040215,4.021456
M87-20,8,2.500000,6,2,0.003739,0.987614,-1.238623
M87-20,8,2.500000,6,3,0.003756,0.992188,-0.781156
M87-20,8,2.500000,6,4,0.004062,1.072805,7.280512
M87-20,8,2.500000,6,5,0.004242,1.120348,12.034788
M87-20,8,2.500000,7,2,0.004055,1.071075,7.107509
M87-20,8,2.500000,7,3,0.004056,1.071424,7.142374
M87-20,8,2.500000,7,5,0.004261,1.125361,12.536101
M87-20,8,2.500000,7,6,0.004152,1.096711,9.671121
M87-20,8,2.500000,7,7,0.003888,1.026942,2.694220
M87-20,8,2.500000,8,1,0.004164,1.099743,9.974338
M87-20,8,2.500000,8,2,0.003975,1.049985,4.998459
M87-20,8,2.500000,8,3,0.003987,1.053046,5.304582
M87-20,8,2.500000,8,4,0.004190,1.106745,10.674537
M87-20,8,2.500000,8,5,0.003999,1.056318,5.631835
M87-20,8,2.500000,8,6,0.003880,1.024771,2.477108
M87-20,8,2.500000,8,7,0.003869,1.021958,2.195813
M87-20,8,2.500000,8,8,0.003004,0.793435,-20.656462
M87-20,8,2.500000,9,1,0.003088,0.815702,-18.429823
M87-20,8,2.500000,9,2,0.003070,0.810868,-18.913174
M87-20,8,2.500000,9,3,0.003090,0.816275,-18.372507
M87-20,8,2.500000,9,4,0.003081,0.813845,-18.615504
M87-20,8,2.500000,9,5,0.003086,0.814978,-18.502193
M87-20,8,2.500000,9,6,0.003072,0.811476,-18.852425
M87-20,8,2.500000,9,7,0.003076,0.812334,-18.766584
M87-20,8,2.500000,9,8,0.003140,0.829386,-17.061383
M87-20,8,2.500000,9,9,0.003260,0.861179,-13.882093
M87-20,9,3.000000,2,1,0.004049,1.070856,7.085582
M87-20,9,3.000000,2,2,0.003822,1.010726,1.072634
M87-20,9,3.000000,3,1,0.004059,1.073321,7.332055
M87-20,9,3.000000,3,2,0.003842,1.015933,1.593349
M87-20,9,3.000000,3,3,0.003867,1.022630,2.262953
M87-20,9,3.000000,4,2,0.004105,1.085536,8.553580
M87-20,9,3.000000,4,3,0.004164,1.101149,10.114931
M87-20,9,3.000000,5,1,0.004222,1.116430,11.642961
M87-20,9,3.000000,5,2,0.003995,1.056422,5.642178
M87-20,9,3.000000,5,3,0.004016,1.062026,6.202562
M87-20,9,3.000000,5,4,0.004362,1.153509,15.350906
M87-20,9,3.000000,5,5,0.003932,1.039864,3.986416
M87-20,9,3.000000,6,1,0.003930,1.039417,3.941723
M87-20,9,3.000000,6,2,0.003746,0.990543,-0.945698
M87-20,9,3.000000,6,3,0.003742,0.989565,-1.043547
M87-20,9,3.000000,6,4,0.004054,1.071998,7.199827
M87-20,9,3.000000,6,5,0.004234,1.119619,11.961896
M87-20,9,3.000000,7,2,0.004064,1.074645,7.464548
M87-20,9,3.000000,7,3,0.004070,1.076224,7.622429
M87-20,9,3.000000,7,5,0.004240,1.121187,12.118718
M87-20,9,3.000000,7,6,0.004142,1.095286,9.528631
M87-20,9,3.000000,7,7,0.003867,1.022685,2.268507
M87-20,9,3.000000,8,1,0.004158,1.099732,9.973183
M87-20,9,3.000000,8,2,0.003968,1.049395,4.939517
M87-20,9,3.000000,8,3,0.003979,1.052299,5.229891
M87-20,9,3.000000,8,4,0.004194,1.109255,10.925491
M87-20,9,3.000000,8,5,0.004003,1.058704,5.870404
M87-20,9,3.000000,8,6,0.003853,1.019046,1.904614
M87-20,9,3.000000,8,7,0.003866,1.022333,2.233334
M87-20,9,3.000000,8,8,0.002993,0.791455,-20.854460
M87-20,9,3.000000,9,1,0.003075,0.813148,-18.685176
M87-20,9,3.000000,9,2,0.003073,0.812551,-18.744943
M87-20,9,3.000000,9,3,0.003079,0.814296,-18.570402
M87-20,9,3.000000,9,4,0.003097,0.819114,-18.088562
M87-20,9,3.000000,9,5,0.003075,0.813164,-18.683589
M87-20,9,3.000000,9,6,0.003056,0.808295,-19.170454
M87-20,9,3.000000,9,7,0.003082,0.814978,-18.502172
M87-20,9,3.000000,9,8,0.003154,0.834120,-16.588036
M87-20,9,3.000000,9,9,0.003246,0.858542,-14.145780
M87-20,10,4.000000,2,1,0.004030,1.065233,6.523324
M87-20,10,4.000000,2,2,0.003809,1.006985,0.698503
M87-20,10,4.000000,3,1,0.004079,1.078372,7.837174
M87-20,10,4.000000,3,2,0.003855,1.019127,1.912691
M87-20,10,4.000000,3,3,0.003859,1.020245,2.024513
M87-20,10,4.000000,4,2,0.004125,1.090524,9.052418
M87-20,10,4.000000,4,3,0.004146,1.095973,9.597256
M87-20,10,4.000000,5,1,0.004197,1.109571,10.957104
M87-20,10,4.000000,5,2,0.004009,1.059793,5.979280
M87-20,10,4.000000,5,3,0.004022,1.063253,6.325322
M87-20,10,4.000000,5,4,0.004374,1.156357,15.635677
M87-20,10,4.000000,5,5,0.003939,1.041391,4.139097
M87-20,10,4.000000,6,1,0.003926,1.037769,3.776929
M87-20,10,4.000000,6,2,0.003729,0.985802,-1.419782
M87-20,10,4.000000,6,3,0.003754,0.992371,-0.762857
M87-20,10,4.000000,6,4,0.004054,1.071779,7.177870
M87-20,10,4.000000,6,5,0.004230,1.118160,11.815997
M87-20,10,4.000000,7,2,0.004077,1.077661,7.766062
M87-20,10,4.000000,7,3,0.004074,1.076947,7.694686
M87-20,10,4.000000,7,5,0.004229,1.117948,11.794848
M87-20,10,4.000000,7,6,0.004115,1.087706,8.770615
M87-20,10,4.000000,7,7,0.003878,1.025257,2.525732
M87-20,10,4.000000,8,1,0.004160,1.099600,9.959953
M87-20,10,4.000000,8,2,0.003957,1.046107,4.610708
M87-20,10,4.000000,8,3,0.003971,1.049792,4.979221
M87-20,10,4.000000,8,4,0.004191,1.107805,10.780514
M87-20,10,4.000000,8,5,0.004004,1.058606,5.860584
M87-20,10,4.000000,8,6,0.003872,1.023465,2.346499
M87-20,10,4.000000,8,7,0.003881,1.025876,2.587591
M87-20,10,4.000000,8,8,0.003019,0.798046,-20.195405
M87-20,10,4.000000,9,1,0.003101,0.819789,-18.021077
M87-20,10,4.000000,9,2,0.003078,0.813743,-18.625659
M87-20,10,4.000000,9,3,0.003066,0.810603,-18.939714
M87-20,10,4.000000,9,4,0.003104,0.820683,-17.931724
M87-20,10,4.000000,9,5,0.003078,0.813585,-18.641520
M87-20,10,4.000000,9,6,0.003056,0.807925,-19.207507
M87-20,10,4.000000,9,7,0.003078,0.813804,-18.619579
M87-20,10,4.000000,9,8,0.003142,0.830485,-16.951492
M87-20,10,4.000000,9,9,0.003260,0.861861,-13.813850
M87-20,11,5.000000,2,1,0.004043,1.067723,6.772263
M87-20,11,5.000000,2,2,0.003832,1.011818,1.181774
M87-20,11,5.000000,3,1,0.004065,1.073564,7.356399
M87-20,11,5.000000,3,2,0.003861,1.019729,1.972946
M87-20,11,5.000000,3,3,0.003879,1.024332,2.433230
M87-20,11,5.000000,4,2,0.004100,1.082801,8.280137
M87-20,11,5.000000,4,3,0.004161,1.098870,9.887039
M87-20,11,5.000000,5,1,0.004218,1.113743,11.374315
M87-20,11,5.000000,5,2,0.004018,1.060962,6.096228
M87-20,11,5.000000,5,3,0.004032,1.064710,6.470952
M87-20,11,5.000000,5,4,0.004366,1.152916,15.291618
M87-20,11,5.000000,5,5,0.003953,1.043951,4.395051
M87-20,11,5.000000,6,1,0.003934,1.038891,3.889081
M87-20,11,5.000000,6,2,0.003729,0.984763,-1.523685
M87-20,11,5.000000,6,3,0.003746,0.989144,-1.085583
M87-20,11,5.000000,6,4,0.004056,1.070963,7.096284
M87-20,11,5.000000,6,5,0.004221,1.114549,11.454858
M87-20,11,5.000000,7,2,0.004059,1.071803,7.180260
M87-20,11,5.000000,7,3,0.004098,1.082115,8.211477
M87-20,11,5.000000,7,5,0.004278,1.129593,12.959299
M87-20,11,5.000000,7,6,0.004107,1.084655,8.465518
M87-20,11,5.000000,7,7,0.003894,1.028402,2.840171
M87-20,11,5.000000,8,1,0.004147,1.095229,9.522878
M87-20,11,5.000000,8,2,0.003951,1.043264,4.326391
M87-20,11,5.000000,8,3,0.003989,1.053320,5.331992
M87-20,11,5.000000,8,4,0.004198,1.108660,10.865969
M87-20,11,5.000000,8,5,0.004006,1.057799,5.779865
M87-20,11,5.000000,8,6,0.003874,1.023094,2.309378
M87-20,11,5.000000,8,7,0.003873,1.022758,2.275841
M87-20,11,5.000000,8,8,0.003022,0.798048,-20.195178
M87-20,11,5.000000,9,1,0.003086,0.814857,-18.514334
M87-20,11,5.000000,9,2,0.003070,0.810782,-18.921803
M87-20,11,5.000000,9,3,0.003087,0.815131,-18.486870
M87-20,11,5.000000,9,4,0.003102,0.819042,-18.095774
M87-20,11,5.000000,9,5,0.003086,0.814875,-18.512486
M87-20,11,5.000000,9,6,0.003074,0.811873,-18.812740
M87-20,11,5.000000,9,7,0.003082,0.813869,-18.613099
M87-20,11,5.000000,9,8,0.003148,0.831364,-16.863595
M87-20,11,5.000000,9,9,0.003242,0.856039,-14.396069
M87-20,12,6.000000,2,1,0.004064,1.072982,7.298216
M87-20,12,6.000000,2,2,0.003831,1.011654,1.165366
M87-20,12,6.000000,3,1,0.004081,1.077550,7.755025
M87-20,12,6.000000,3,2,0.003865,1.020528,2.052841
M87-20,12,6.000000,3,3,0.003876,1.023586,2.358613
M87-20,12,6.000000,4,2,0.004145,1.094376,9.437558
M87-20,12,6.000000,4,3,0.004163,1.099173,9.917339
M87-20,12,6.000000,5,1,0.004230,1.116891,11.689122
M87-20,12,6.000000,5,2,0.004017,1.060720,6.071963
M87-20,12,6.000000,5,3,0.004047,1.068712,6.871246
M87-20,12,6.000000,5,4,0.004363,1.152150,15.214996
M87-20,12,6.000000,5,5,0.003937,1.039464,3.946352
M87-20,12,6.000000,6,1,0.003920,1.035059,3.505915
M87-20,12,6.000000,6,2,0.003746,0.989236,-1.076428
M87-20,12,6.000000,6,3,0.003750,0.990271,-0.972920
M87-20,12,6.000000,6,4,0.004054,1.070468,7.046840
M87-20,12,6.000000,6,5,0.004210,1.111557,11.155739
M87-20,12,6.000000,7,2,0.004042,1.067403,6.740276
M87-20,12,6.000000,7,3,0.004064,1.073019,7.301913
M87-20,12,6.000000,7,5,0.004217,1.113604,11.360378
M87-20,12,6.000000,7,6,0.004111,1.085490,8.549026
M87-20,12,6.000000,7,7,0.003876,1.023454,2.345410
M87-20,12,6.000000,8,1,0.004154,1.096778,9.677845
M87-20,12,6.000000,8,2,0.003978,1.050313,5.031338
M87-20,12,6.000000,8,3,0.003983,1.051747,5.174718
M87-20,12,6.000000,8,4,0.004172,1.101706,10.170564
M87-20,12,6.000000,8,5,0.004003,1.057107,5.710741
M87-20,12,6.000000,8,6,0.003870,1.021870,2.186979
M87-20,12,6.000000,8,7,0.003874,1.023037,2.303690
M87-20,12,6.000000,8,8,0.003010,0.794696,-20.530392
M87-20,12,6.000000,9,1,0.003097,0.817695,-18.230507
M87-20,12,6.000000,9,2,0.003091,0.816200,-18.379960
M87-20,12,6.000000,9,3,0.003097,0.817724,-18.227602
M87-20,12,6.000000,9,4,0.003114,0.822155,-17.784525
M87-20,12,6.000000,9,5,0.003081,0.813621,-18.637938
M87-20,12,6.000000,9,6,0.003077,0.812417,-18.758345
M87-20,12,6.000000,9,7,0.003085,0.814569,-18.543143
M87-20,12,6.000000,9,8,0.003155,0.832952,-16.704820
M87-20,12,6.000000,9,9,0.003250,0.858066,-14.193430
M87-20,13,7.000000,2,1,0.004040,1.067326,6.732560
M87-20,13,7.000000,2,2,0.003840,1.014471,1.447080
M87-20,13,7.000000,3,1,0.004083,1.078580,7.858029
M87-20,13,7.000000,3,2,0.003869,1.022130,2.212980
M87-20,13,7.000000,3,3,0.003884,1.026138,2.613764
M87-20,13,7.000000,4,2,0.004120,1.088509,8.850873
M87-20,13,7.000000,4,3,0.004172,1.102250,10.224950
M87-20,13,7.000000,5,1,0.004218,1.114276,11.427564
M87-20,13,7.000000,5,2,0.004020,1.062034,6.203378
M87-20,13,7.000000,5,3,0.004057,1.071788,7.178785
M87-20,13,7.000000,5,4,0.004357,1.151163,15.116251
M87-20,13,7.000000,5,5,0.003940,1.040848,4.084800
M87-20,13,7.000000,6,1,0.003931,1.038642,3.864198
M87-20,13,7.000000,6,2,0.003721,0.983037,-1.696309
M87-20,13,7.000000,6,3,0.003750,0.990648,-0.935164
M87-20,13,7.000000,6,4,0.004060,1.072522,7.252231
M87-20,13,7.000000,6,5,0.004220,1.114955,11.495463
M87-20,13,7.000000,7,2,0.004039,1.067180,6.718029
M87-20,13,7.000000,7,3,0.004054,1.071109,7.110887
M87-20,13,7.000000,7,5,0.004225,1.116268,11.626767
M87-20,13,7.000000,7,6,0.004100,1.083328,8.332787
M87-20,13,7.000000,7,7,0.003895,1.029036,2.903586
M87-20,13,7.000000,8,1,0.004155,1.097674,9.767365
M87-20,13,7.000000,8,2,0.003966,1.047672,4.767215
M87-20,13,7.000000,8,3,0.003980,1.051397,5.139730
M87-20,13,7.000000,8,4,0.004156,1.098123,9.812278
M87-20,13,7.000000,8,5,0.004002,1.057181,5.718052
M87-20,13,7.000000,8,6,0.003871,1.022724,2.272424
M87-20,13,7.000000,8,7,0.003891,1.028053,2.805305
M87-20,13,7.000000,8,8,0.003036,0.802156,-19.784402
M87-20,13,7.000000,9,1,0.003096,0.817926,-18.207423
M87-20,13,7.000000,9,2,0.003057,0.807736,-19.226396
M87-20,13,7.000000,9,3,0.003089,0.816105,-18.389453
M87-20,13,7.000000,9,4,0.003089,0.816182,-18.381792
M87-20,13,7.000000,9,5,0.003090,0.816232,-18.376772
M87-20,13,7.000000,9,6,0.003067,0.810208,-18.979189
M87-20,13,7.000000,9,7,0.003083,0.814412,-18.558776
M87-20,13,7.000000,9,8,0.003160,0.834966,-16.503367
M87-20,13,7.000000,9,9,0.003236,0.855017,-14.498288
M87-20,14,8.000000,2,1,0.004063,1.073506,7.350603
M87-20,14,8.000000,2,2,0.003845,1.015872,1.587176
M87-20,14,8.000000,3,1,0.004084,1.078911,7.891148
M87-20,14,8.000000,3,2,0.003872,1.023002,2.300240
M87-20,14,8.000000,3,3,0.003902,1.030907,3.090713
M87-20,14,8.000000,4,2,0.004123,1.089405,8.940533
M87-20,14,8.000000,4,3,0.004150,1.096354,9.635367
M87-20,14,8.000000,5,1,0.004244,1.121209,12.120919
M87-20,14,8.000000,5,2,0.004027,1.063932,6.393159
M87-20,14,8.000000,5,3,0.004052,1.070399,7.039909
M87-20,14,8.000000,5,4,0.004379,1.156823,15.682276
M87-20,14,8.000000,5,5,0.003959,1.045853,4.585268
M87-20,14,8.000000,6,1,0.003942,1.041449,4.144854
M87-20,14,8.000000,6,2,0.003713,0.980871,-1.912887
M87-20,14,8.000000,6,3,0.003766,0.994974,-0.502611
M87-20,14,8.000000,6,4,0.004033,1.065427,6.542693
M87-20,14,8.000000,6,5,0.004203,1.110367,11.036661
M87-20,14,8.000000,7,2,0.004032,1.065192,6.519180
M87-20,14,8.000000,7,3,0.004077,1.077020,7.701984
M87-20,14,8.000000,7,5,0.004224,1.116036,11.603624
M87-20,14,8.000000,7,6,0.004105,1.084407,8.440675
M87-20,14,8.000000,7,7,0.003893,1.028595,2.859542
M87-20,14,8.000000,8,1,0.004127,1.090312,9.031152
M87-20,14,8.000000,8,2,0.003957,1.045528,4.552772
M87-20,14,8.000000,8,3,0.003974,1.049861,4.986053
M87-20,14,8.000000,8,4,0.004180,1.104227,10.422670
M87-20,14,8.000000,8,5,0.004000,1.056915,5.691455
M87-20,14,8.000000,8,6,0.003857,1.019021,1.902097
M87-20,14,8.000000,8,7,0.003873,1.023116,2.311601
M87-20,14,8.000000,8,8,0.003027,0.799815,-20.018477
M87-20,14,8.000000,9,1,0.003087,0.815480,-18.451982
M87-20,14,8.000000,9,2,0.003075,0.812388,-18.761170
M87-20,14,8.000000,9,3,0.003083,0.814610,-18.538981
M87-20,14,8.000000,9,4,0.003074,0.812262,-18.773825
M87-20,14,8.000000,9,5,0.003077,0.812917,-18.708331
M87-20,14,8.000000,9,6,0.003061,0.808637,-19.136328
M87-20,14,8.000000,9,7,0.003095,0.817577,-18.242290
M87-20,14,8.000000,9,8,0.003139,0.829210,-17.079037
M87-20,14,8.000000,9,9,0.003246,0.857616,-14.238405
M87-20,15,10.000000,2,1,0.004070,1.074322,7.432177
M87-20,15,10.000000,2,2,0.003866,1.020547,2.054721
M87-20,15,10.000000,3,1,0.004088,1.079232,7.923197
M87-20,15,10.000000,3,2,0.003877,1.023393,2.339301
M87-20,15,10.000000,3,3,0.003907,1.031418,3.141828
M87-20,15,10.000000,4,2,0.004122,1.088237,8.823664
M87-20,15,10.000000,4,3,0.004175,1.102210,10.220957
M87-20,15,10.000000,5,1,0.004226,1.115689,11.568885
M87-20,15,10.000000,5,2,0.004023,1.062062,6.206213
M87-20,15,10.000000,5,3,0.004072,1.074918,7.491839
M87-20,15,10.000000,5,4,0.004385,1.157613,15.761295
M87-20,15,10.000000,5,5,0.003919,1.034568,3.456767
M87-20,15,10.000000,6,1,0.003914,1.033245,3.324508
M87-20,15,10.000000,6,2,0.003743,0.988127,-1.187328
M87-20,15,10.000000,6,3,0.003760,0.992527,-0.747258
M87-20,15,10.000000,6,4,0.004034,1.064921,6.492113
M87-20,15,10.000000,6,5,0.004206,1.110306,11.030612
M87-20,15,10.000000,7,2,0.004049,1.068886,6.888624
M87-20,15,10.000000,7,3,0.004067,1.073699,7.369876
M87-20,15,10.000000,7,5,0.004222,1.114535,11.453522
M87-20,15,10.000000,7,6,0.004097,1.081486,8.148644
M87-20,15,10.000000,7,7,0.003897,1.028794,2.879423
M87-20,15,10.000000,8,1,0.004104,1.083453,8.345316
M87-20,15,10.000000,8,2,0.003958,1.044869,4.486852
M87-20,15,10.000000,8,3,0.003983,1.051444,5.144449
M87-20,15,10.000000,8,4,0.004173,1.101510,10.151000
M87-20,15,10.000000,8,5,0.003977,1.049934,4.993447
M87-20,15,10.000000,8,6,0.003881,1.024573,2.457305
M87-20,15,10.000000,8,7,0.003865,1.020320,2.032018
M87-20,15,10.000000,8,8,0.003026,0.798715,-20.128540
M87-20,15,10.000000,9,1,0.003092,0.816246,-18.375389
M87-20,15,10.000000,9,2,0.003087,0.815011,-18.498935
M87-20,15,10.000000,9,3,0.003100,0.818400,-18.159974
M87-20,15,10.000000,9,4,0.003120,0.823545,-17.645459
M87-20,15,10.000000,9,5,0.003099,0.818002,-18.199836
M87-20,15,10.000000,9,6,0.003064,0.808817,-19.118254
M87-20,15,10.000000,9,7,0.003089,0.815562,-18.443762
M87-20,15,10.000000,9,8,0.003150,0.831581,-16.841876
M87-20,15,10.000000,9,9,0.003247,0.857281,-14.271943
M87-20,16,12.000000,2,1,0.004070,1.073258,7.325778
M87-20,16,12.000000,2,2,0.003862,1.018566,1.856614
M87-20,16,12.000000,3,1,0.004092,1.078999,7.899883
M87-20,16,12.000000,3,2,0.003893,1.026652,2.665161
M87-20,16,12.000000,3,3,0.003918,1.033339,3.333939
M87-20,16,12.000000,4,2,0.004143,1.092654,9.265394
M87-20,16,12.000000,4,3,0.004192,1.105394,10.539396
M87-20,16,12.000000,5,1,0.004245,1.119511,11.951057
M87-20,16,12.000000,5,2,0.004044,1.066327,6.632737
M87-20,16,12.000000,5,3,0.004097,1.080354,8.035432
M87-20,16,12.000000,5,4,0.004391,1.158047,15.804709
M87-20,16,12.000000,5,5,0.003930,1.036396,3.639584
M87-20,16,12.000000,6,1,0.003923,1.034537,3.453666
M87-20,16,12.000000,6,2,0.003746,0.987754,-1.224620
M87-20,16,12.000000,6,3,0.003798,1.001549,0.154868
M87-20,16,12.000000,6,4,0.004005,1.056214,5.621394
M87-20,16,12.000000,6,5,0.004179,1.102003,10.200260
M87-20,16,12.000000,7,2,0.004032,1.063295,6.329466
M87-20,16,12.000000,7,3,0.004052,1.068619,6.861905
M87-20,16,12.000000,7,5,0.004209,1.109861,10.986127
M87-20,16,12.000000,7,6,0.004103,1.081963,8.196297
M87-20,16,12.000000,7,7,0.003883,1.024025,2.402502
M87-20,16,12.000000,8,1,0.004128,1.088482,8.848198
M87-20,16,12.000000,8,2,0.003960,1.044400,4.439956
M87-20,16,12.000000,8,3,0.003974,1.048026,4.802562
M87-20,16,12.000000,8,4,0.004140,1.091868,9.186807
M87-20,16,12.000000,8,5,0.003980,1.049703,4.970285
M87-20,16,12.000000,8,6,0.003856,1.016791,1.679134
M87-20,16,12.000000,8,7,0.003861,1.018102,1.810200
M87-20,16,12.000000,8,8,0.003069,0.809246,-19.075418
M87-20,16,12.000000,9,1,0.003115,0.821590,-17.840973
M87-20,16,12.000000,9,2,0.003117,0.821988,-17.801152
M87-20,16,12.000000,9,3,0.003095,0.816213,-18.378685
M87-20,16,12.000000,9,4,0.003099,0.817321,-18.267925
M87-20,16,12.000000,9,5,0.003099,0.817242,-18.275837
M87-20,16,12.000000,9,6,0.003086,0.813745,-18.625522
M87-20,16,12.000000,9,7,0.003094,0.815884,-18.411650
M87-20,16,12.000000,9,8,0.003167,0.835295,-16.470451
M87-20,16,12.000000,9,9,0.003241,0.854789,-14.521078
M87-20,17,14.000000,2,1,0.004063,1.073091,7.309099
M87-20,17,14.000000,2,2,0.003873,1.022870,2.286974
M87-20,17,14.000000,3,1,0.004106,1.084268,8.426770
M87-20,17,14.000000,3,2,0.003901,1.030323,3.032264
M87-20,17,14.000000,3,3,0.003941,1.040792,4.079157
M87-20,17,14.000000,4,2,0.004142,1.093833,9.383341
M87-20,17,14.000000,4,3,0.004196,1.108274,10.827439
M87-20,17,14.000000,5,1,0.004273,1.128631,12.863122
M87-20,17,14.000000,5,2,0.004051,1.069827,6.982672
M87-20,17,14.000000,5,3,0.004091,1.080385,8.038543
M87-20,17,14.000000,5,4,0.004404,1.163038,16.303816
M87-20,17,14.000000,5,5,0.003922,1.035753,3.575254
M87-20,17,14.000000,6,1,0.003916,1.034345,3.434489
M87-20,17,14.000000,6,2,0.003723,0.983199,-1.680071
M87-20,17,14.000000,6,3,0.003756,0.991841,-0.815936
M87-20,17,14.000000,6,4,0.004028,1.063702,6.370224
M87-20,17,14.000000,6,5,0.004169,1.101038,10.103805
M87-20,17,14.000000,7,2,0.004031,1.064679,6.467941
M87-20,17,14.000000,7,3,0.004038,1.066512,6.651226
M87-20,17,14.000000,7,5,0.004176,1.102802,10.280224
M87-20,17,14.000000,7,6,0.004077,1.076730,7.673029
M87-20,17,14.000000,7,7,0.003869,1.021681,2.168129
M87-20,17,14.000000,8,1,0.004101,1.083182,8.318225
M87-20,17,14.000000,8,2,0.003937,1.039738,3.973781
M87-20,17,14.000000,8,3,0.003955,1.044603,4.460253
M87-20,17,14.000000,8,4,0.004125,1.089449,8.944935
M87-20,17,14.000000,8,5,0.003956,1.044679,4.467912
M87-20,17,14.000000,8,6,0.003862,1.019859,1.985900
M87-20,17,14.000000,8,7,0.003884,1.025690,2.569033
M87-20,17,14.000000,8,8,0.003050,0.805424,-19.457565
M87-20,17,14.000000,9,1,0.003111,0.821729,-17.827143
M87-20,17,14.000000,9,2,0.003089,0.815916,-18.408427
M87-20,17,14.000000,9,3,0.003092,0.816624,-18.337649
M87-20,17,14.000000,9,4,0.003110,0.821482,-17.851837
M87-20,17,14.000000,9,5,0.003079,0.813082,-18.691807
M87-20,17,14.000000,9,6,0.003092,0.816682,-18.331838
M87-20,17,14.000000,9,7,0.003104,0.819872,-18.012806
M87-20,17,14.000000,9,8,0.003148,0.831288,-16.871207
M87-20,17,14.000000,9,9,0.003230,0.853087,-14.691273
M87-20,18,16.000000,2,1,0.004086,1.078127,7.812664
M87-20,18,16.000000,2,2,0.003902,1.029530,2.953021
M87-20,18,16.000000,3,1,0.004102,1.082245,8.224538
M87-20,18,16.000000,3,2,0.003923,1.035156,3.515556
M87-20,18,16.000000,3,3,0.003935,1.038285,3.828485
M87-20,18,16.000000,4,2,0.004149,1.094768,9.476784
M87-20,18,16.000000,4,3,0.004205,1.109499,10.949874
M87-20,18,16.000000,5,1,0.004256,1.122876,12.287609
M87-20,18,16.000000,5,2,0.004070,1.073821,7.382056
M87-20,18,16.000000,5,3,0.004108,1.083786,8.378628
M87-20,18,16.000000,5,4,0.004410,1.163702,16.370204
M87-20,18,16.000000,5,5,0.003938,1.038926,3.892601
M87-20,18,16.000000,6,1,0.003912,1.032161,3.216083
M87-20,18,16.000000,6,2,0.003739,0.986435,-1.356488
M87-20,18,16.000000,6,3,0.003757,0.991327,-0.867305
M87-20,18,16.000000,6,4,0.004005,1.056602,5.660152
M87-20,18,16.000000,6,5,0.004160,1.097686,9.768605
M87-20,18,16.000000,7,2,0.004013,1.058971,5.897092
M87-20,18,16.000000,7,3,0.004040,1.065894,6.589442
M87-20,18,16.000000,7,5,0.004175,1.101546,10.154622
M87-20,18,16.000000,7,6,0.004077,1.075609,7.560948
M87-20,18,16.000000,7,7,0.003880,1.023828,2.382835
M87-20,18,16.000000,8,1,0.004097,1.080953,8.095250
M87-20,18,16.000000,8,2,0.003938,1.039003,3.900253
M87-20,18,16.000000,8,3,0.003953,1.043140,4.313974
M87-20,18,16.000000,8,4,0.004127,1.088868,8.886809
M87-20,18,16.000000,8,5,0.003976,1.049142,4.914240
M87-20,18,16.000000,8,6,0.003873,1.021913,2.191278
M87-20,18,16.000000,8,7,0.003862,1.019129,1.912913
M87-20,18,16.000000,8,8,0.003045,0.803353,-19.664712
M87-20,18,16.000000,9,1,0.003112,0.821179,-17.882122
M87-20,18,16.000000,9,2,0.003119,0.822831,-17.716950
M87-20,18,16.000000,9,3,0.003110,0.820453,-17.954681
M87-20,18,16.000000,9,4,0.003116,0.822200,-17.780011
M87-20,18,16.000000,9,5,0.003102,0.818421,-18.157927
M87-20,18,16.000000,9,6,0.003081,0.812960,-18.704024
M87-20,18,16.000000,9,7,0.003090,0.815358,-18.464208
M87-20,18,16.000000,9,8,0.003142,0.828961,-17.103914
M87-20,18,16.000000,9,9,0.003227,0.851358,-14.864173
M87-20,19,18.000000,2,1,0.004073,1.075785,7.578483
M87-20,19,18.000000,2,2,0.003912,1.033295,3.329528
M87-20,19,18.000000,3,1,0.004113,1.086383,8.638345
M87-20,19,18.000000,3,2,0.003941,1.040770,4.076951
M87-20,19,18.000000,3,3,0.003976,1.049984,4.998421
M87-20,19,18.000000,4,2,0.004173,1.102211,10.221139
M87-20,19,18.000000,4,3,0.004188,1.106062,10.606207
M87-20,19,18.000000,5,1,0.004258,1.124528,12.452844
M87-20,19,18.000000,5,2,0.004091,1.080584,8.058366
M87-20,19,18.000000,5,3,0.004094,1.081344,8.134428
M87-20,19,18.000000,5,4,0.004401,1.162354,16.235386
M87-20,19,18.000000,5,5,0.003905,1.031346,3.134617
M87-20,19,18.000000,6,1,0.003891,1.027601,2.760113
M87-20,19,18.000000,6,2,0.003732,0.985532,-1.446849
M87-20,19,18.000000,6,3,0.003780,0.998269,-0.173061
M87-20,19,18.000000,6,4,0.004025,1.062912,6.291225
M87-20,19,18.000000,6,5,0.004161,1.098963,9.896287
M87-20,19,18.000000,7,2,0.003993,1.054667,5.466683
M87-20,19,18.000000,7,3,0.004029,1.064193,6.419317
M87-20,19,18.000000,7,5,0.004143,1.094109,9.410858
M87-20,19,18.000000,7,6,0.004061,1.072594,7.259442
M87-20,19,18.000000,7,7,0.003872,1.022686,2.268610
M87-20,19,18.000000,8,1,0.004064,1.073453,7.345276
M87-20,19,18.000000,8,2,0.003910,1.032788,3.278819
M87-20,19,18.000000,8,3,0.003938,1.040072,4.007227
M87-20,19,18.000000,8,4,0.004119,1.087897,8.789678
M87-20,19,18.000000,8,5,0.003950,1.043265,4.326532
M87-20,19,18.000000,8,6,0.003865,1.020814,2.081358
M87-20,19,18.000000,8,7,0.003844,1.015151,1.515112
M87-20,19,18.000000,8,8,0.003038,0.802427,-19.757263
M87-20,19,18.000000,9,1,0.003108,0.820905,-17.909543
M87-20,19,18.000000,9,2,0.003100,0.818751,-18.124949
M87-20,19,18.000000,9,3,0.003124,0.825036,-17.496374
M87-20,19,18.000000,9,4,0.003118,0.823563,-17.643666
M87-20,19,18.000000,9,5,0.003119,0.823724,-17.627635
M87-20,19,18.000000,9,6,0.003071,0.811202,-18.879767
M87-20,19,18.000000,9,7,0.003091,0.816445,-18.355461
M87-20,19,18.000000,9,8,0.003165,0.835964,-16.403578
M87-20,19,18.000000,9,9,0.003227,0.852369,-14.763103
M87-20,20,20.000000,2,1,0.004119,1.085867,8.586709
M87-20,20,20.000000,2,2,0.003904,1.029187,2.918674
M87-20,20,20.000000,3,1,0.004107,1.082801,8.280079
M87-20,20,20.000000,3,2,0.003947,1.040592,4.059241
M87-20,20,20.000000,3,3,0.003966,1.045649,4.564930
M87-20,20,20.000000,4,2,0.004173,1.100118,10.011759
M87-20,20,20.000000,4,3,0.004184,1.103160,10.316015
M87-20,20,20.000000,5,1,0.004272,1.126211,12.621143
M87-20,20,20.000000,5,2,0.004113,1.084522,8.452245
M87-20,20,20.000000,5,3,0.004131,1.089281,8.928141
M87-20,20,20.000000,5,4,0.004411,1.163018,16.301753
M87-20,20,20.000000,5,5,0.003939,1.038549,3.854909
M87-20,20,20.000000,6,1,0.003901,1.028520,2.851969
M87-20,20,20.000000,6,2,0.003725,0.982101,-1.789924
M87-20,20,20.000000,6,3,0.003758,0.990770,-0.923029
M87-20,20,20.000000,6,4,0.004018,1.059380,5.938040
M87-20,20,20.000000,6,5,0.004132,1.089455,8.945542
M87-20,20,20.000000,7,2,0.003994,1.053105,5.310543
M87-20,20,20.000000,7,3,0.004015,1.058582,5.858153
M87-20,20,20.000000,7,5,0.004136,1.090515,9.051531
M87-20,20,20.000000,7,6,0.004086,1.077222,7.722187
M87-20,20,20.000000,7,7,0.003867,1.019584,1.958446
M87-20,20,20.000000,8,1,0.004077,1.074844,7.484371
M87-20,20,20.000000,8,2,0.003944,1.039920,3.992010
M87-20,20,20.000000,8,3,0.003962,1.044497,4.449713
M87-20,20,20.000000,8,4,0.004108,1.083130,8.313036
M87-20,20,20.000000,8,5,0.003940,1.038731,3.873102
M87-20,20,20.000000,8,6,0.003868,1.019893,1.989293
M87-20,20,20.000000,8,7,0.003865,1.019149,1.914943
M87-20,20,20.000000,8,8,0.003046,0.803169,-19.683069
M87-20,20,20.000000,9,1,0.003130,0.825280,-17.472040
M87-20,20,20.000000,9,2,0.003125,0.823815,-17.618526
M87-20,20,20.000000,9,3,0.003125,0.823914,-17.608639
M87-20,20,20.000000,9,4,0.003127,0.824392,-17.560759
M87-20,20,20.000000,9,5,0.003111,0.820211,-17.978941
M87-20,20,20.000000,9,6,0.003094,0.815788,-18.421221
M87-20,20,20.000000,9,7,0.003103,0.818077,-18.192290
M87-20,20,20.000000,9,8,0.003164,0.834318,-16.568155
M87-20,20,20.000000,9,9,0.003234,0.852681,-14.731883
M87-20,21,24.000000,2,1,0.004110,1.085241,8.524124
M87-20,21,24.000000,2,2,0.003944,1.041470,4.147008
M87-20,21,24.000000,3,1,0.004128,1.089888,8.988820
M87-20,21,24.000000,3,2,0.003962,1.046075,4.607479
M87-20,21,24.000000,3,3,0.003994,1.054447,5.444723
M87-20,21,24.000000,4,2,0.004168,1.100463,10.046266
M87-20,21,24.000000,4,3,0.004204,1.109918,10.991764
M87-20,21,24.000000,5,1,0.004271,1.127787,12.778730
M87-20,21,24.000000,5,2,0.004111,1.085373,8.537326
M87-20,21,24.000000,5,3,0.004168,1.100595,10.059468
M87-20,21,24.000000,5,4,0.004444,1.173327,17.332747
M87-20,21,24.000000,5,5,0.003900,1.029816,2.981572
M87-20,21,24.000000,6,1,0.003886,1.025998,2.599783
M87-20,21,24.000000,6,2,0.003739,0.987262,-1.273825
M87-20,21,24.000000,6,3,0.003762,0.993408,-0.659160
M87-20,21,24.000000,6,4,0.003982,1.051384,5.138447
M87-20,21,24.000000,6,5,0.004100,1.082464,8.246363
M87-20,21,24.000000,7,2,0.003982,1.051406,5.140559
M87-20,21,24.000000,7,3,0.003993,1.054236,5.423601
M87-20,21,24.000000,7,5,0.004106,1.084127,8.412703
M87-20,21,24.000000,7,6,0.004029,1.063699,6.369890
M87-20,21,24.000000,7,7,0.003874,1.022930,2.292978
M87-20,21,24.000000,8,1,0.004028,1.063577,6.357745
M87-20,21,24.000000,8,2,0.003931,1.037782,3.778156
M87-20,21,24.000000,8,3,0.003923,1.035841,3.584092
M87-20,21,24.000000,8,4,0.004058,1.071567,7.156704
M87-20,21,24.000000,8,5,0.003929,1.037346,3.734590
M87-20,21,24.000000,8,6,0.003836,1.012931,1.293090
M87-20,21,24.000000,8,7,0.003857,1.018433,1.843332
M87-20,21,24.000000,8,8,0.003057,0.807070,-19.293006
M87-20,21,24.000000,9,1,0.003126,0.825243,-17.475703
M87-20,21,24.000000,9,2,0.003119,0.823463,-17.653740
M87-20,21,24.000000,9,3,0.003127,0.825663,-17.433722
M87-20,21,24.000000,9,4,0.003130,0.826410,-17.359001
M87-20,21,24.000000,9,5,0.003119,0.823511,-17.648908
M87-20,21,24.000000,9,6,0.003086,0.814781,-18.521876
M87-20,21,24.000000,9,7,0.003125,0.825216,-17.478370
M87-20,21,24.000000,9,8,0.003168,0.836338,-16.366189
M87-20,21,24.000000,9,9,0.003233,0.853514,-14.648558
M87-20,22,28.000000,2,1,0.004127,1.088291,8.829141
M87-20,22,28.000000,2,2,0.003987,1.051425,5.142498
M87-20,22,28.000000,3,1,0.004161,1.097130,9.713029
M87-20,22,28.000000,3,2,0.003991,1.052353,5.235317
M87-20,22,28.000000,3,3,0.004012,1.058022,5.802250
M87-20,22,28.000000,4,2,0.004201,1.107770,10.777016
M87-20,22,28.000000,4,3,0.004227,1.114724,11.472365
M87-20,22,28.000000,5,1,0.004290,1.131207,13.120688
M87-20,22,28.000000,5,2,0.004139,1.091319,9.131857
M87-20,22,28.000000,5,3,0.004174,1.100548,10.054770
M87-20,22,28.000000,5,4,0.004413,1.163657,16.365651
M87-20,22,28.000000,5,5,0.003885,1.024526,2.452602
M87-20,22,28.000000,6,1,0.003860,1.017944,1.794433
M87-20,22,28.000000,6,2,0.003757,0.990610,-0.938973
M87-20,22,28.000000,6,3,0.003775,0.995515,-0.448510
M87-20,22,28.000000,6,4,0.003966,1.045922,4.592178
M87-20,22,28.000000,6,5,0.004078,1.075381,7.538118
M87-20,22,28.000000,7,2,0.003978,1.048923,4.892257
M87-20,22,28.000000,7,3,0.003987,1.051238,5.123776
M87-20,22,28.000000,7,5,0.004095,1.079745,7.974524
M87-20,22,28.000000,7,6,0.004015,1.058792,5.879247
M87-20,22,28.000000,7,7,0.003862,1.018271,1.827130
M87-20,22,28.000000,8,1,0.004053,1.068639,6.863864
M87-20,22,28.000000,8,2,0.003913,1.031696,3.169574
M87-20,22,28.000000,8,3,0.003913,1.031701,3.170101
M87-20,22,28.000000,8,4,0.004058,1.070107,7.010739
M87-20,22,28.000000,8,5,0.003916,1.032663,3.266348
M87-20,22,28.000000,8,6,0.003845,1.014002,1.400217
M87-20,22,28.000000,8,7,0.003839,1.012420,1.242003
M87-20,22,28.000000,8,8,0.003070,0.809437,-19.056287
M87-20,22,28.000000,9,1,0.003132,0.825869,-17.413106
M87-20,22,28.000000,9,2,0.003150,0.830532,-16.946771
M87-20,22,28.000000,9,3,0.003129,0.825163,-17.483722
M87-20,22,28.000000,9,4,0.003151,0.830834,-16.916605
M87-20,22,28.000000,9,5,0.003121,0.823098,-17.690218
M87-20,22,28.000000,9,6,0.003126,0.824213,-17.578677
M87-20,22,28.000000,9,7,0.003121,0.822994,-17.700633
M87-20,22,28.000000,9,8,0.003166,0.834750,-16.525026
M87-20,22,28.000000,9,9,0.003218,0.848568,-15.143162
M87-20,23,34.000000,2,1,0.004140,1.091261,9.126125
M87-20,23,34.000000,2,2,0.003991,1.051771,5.177104
M87-20,23,34.000000,3,1,0.004163,1.097168,9.716778
M87-20,23,34.000000,3,2,0.004019,1.059214,5.921416
M87-20,23,34.000000,3,3,0.004052,1.067999,6.799884
M87-20,23,34.000000,4,2,0.004205,1.108253,10.825339
M87-20,23,34.000000,4,3,0.004244,1.118575,11.857467
M87-20,23,34.000000,5,1,0.004312,1.136439,13.643922
M87-20,23,34.000000,5,2,0.004160,1.096398,9.639816
M87-20,23,34.000000,5,3,0.004177,1.101005,10.100531
M87-20,23,34.000000,5,4,0.004424,1.166101,16.610103
M87-20,23,34.000000,5,5,0.003885,1.023870,2.386986
M87-20,23,34.000000,6,1,0.003842,1.012681,1.268145
M87-20,23,34.000000,6,2,0.003737,0.984857,-1.514329
M87-20,23,34.000000,6,3,0.003772,0.994105,-0.589473
M87-20,23,34.000000,6,4,0.003960,1.043680,4.367954
M87-20,23,34.000000,6,5,0.004066,1.071570,7.157017
M87-20,23,34.000000,7,2,0.003947,1.040285,4.028480
M87-20,23,34.000000,7,3,0.003973,1.047203,4.720343
M87-20,23,34.000000,7,5,0.004057,1.069267,6.926660
M87-20,23,34.000000,7,6,0.004003,1.055047,5.504717
M87-20,23,34.000000,7,7,0.003845,1.013488,1.348797
M87-20,23,34.000000,8,1,0.004011,1.057106,5.710563
M87-20,23,34.000000,8,2,0.003907,1.029758,2.975794
M87-20,23,34.000000,8,3,0.003902,1.028456,2.845592
M87-20,23,34.000000,8,4,0.004018,1.059014,5.901385
M87-20,23,34.000000,8,5,0.003927,1.035021,3.502137
M87-20,23,34.000000,8,6,0.003840,1.012075,1.207525
M87-20,23,34.000000,8,7,0.003815,1.005618,0.561786
M87-20,23,34.000000,8,8,0.003095,0.815709,-18.429121
M87-20,23,34.000000,9,1,0.003181,0.838306,-16.169352
M87-20,23,34.000000,9,2,0.003151,0.830397,-16.960263
M87-20,23,34.000000,9,3,0.003157,0.832061,-16.793873
M87-20,23,34.000000,9,4,0.003150,0.830153,-16.984748
M87-20,23,34.000000,9,5,0.003155,0.831619,-16.838126
M87-20,23,34.000000,9,6,0.003126,0.824020,-17.598016
M87-20,23,34.000000,9,7,0.003157,0.832176,-16.782408
M87-20,23,34.000000,9,8,0.003174,0.836582,-16.341751
M87-20,23,34.000000,9,9,0.003231,0.851691,-14.830907
M87-20,24,42.000000,2,1,0.004144,1.093450,9.344955
M87-20,24,42.000000,2,2,0.004044,1.067095,6.709527
M87-20,24,42.000000,3,1,0.004184,1.103954,10.395380
M87-20,24,42.000000,3,2,0.004062,1.071810,7.181044
M87-20,24,42.000000,3,3,0.004083,1.077462,7.746231
M87-20,24,42.000000,4,2,0.004238,1.118292,11.829192
M87-20,24,42.000000,4,3,0.004237,1.117983,11.798321
M87-20,24,42.000000,5,1,0.004316,1.138791,13.879117
M87-20,24,42.000000,5,2,0.004188,1.105051,10.505145
M87-20,24,42.000000,5,3,0.004241,1.119031,11.903073
M87-20,24,42.000000,5,4,0.004451,1.174468,17.446761
M87-20,24,42.000000,5,5,0.003884,1.024820,2.481970
M87-20,24,42.000000,6,1,0.003836,1.012083,1.208320
M87-20,24,42.000000,6,2,0.003728,0.983578,-1.642154
M87-20,24,42.000000,6,3,0.003784,0.998315,-0.168499
M87-20,24,42.000000,6,4,0.003933,1.037646,3.764591
M87-20,24,42.000000,6,5,0.003994,1.053828,5.382841
M87-20,24,42.000000,7,2,0.003893,1.027263,2.726304
M87-20,24,42.000000,7,3,0.003925,1.035627,3.562738
M87-20,24,42.000000,7,5,0.004009,1.057889,5.788921
M87-20,24,42.000000,7,6,0.003942,1.040007,4.000745
M87-20,24,42.000000,7,7,0.003817,1.007065,0.706459
M87-20,24,42.000000,8,1,0.003922,1.034746,3.474609
M87-20,24,42.000000,8,2,0.003851,1.016015,1.601471
M87-20,24,42.000000,8,3,0.003871,1.021390,2.138953
M87-20,24,42.000000,8,4,0.003966,1.046343,4.634272
M87-20,24,42.000000,8,5,0.003878,1.023287,2.328668
M87-20,24,42.000000,8,6,0.003818,1.007434,0.743400
M87-20,24,42.000000,8,7,0.003784,0.998479,-0.152139
M87-20,24,42.000000,8,8,0.003137,0.827632,-17.236804
M87-20,24,42.000000,9,1,0.003176,0.837924,-16.207646
M87-20,24,42.000000,9,2,0.003194,0.842837,-15.716287
M87-20,24,42.000000,9,3,0.003191,0.841859,-15.814126
M87-20,24,42.000000,9,4,0.003188,0.841243,-15.875658
M87-20,24,42.000000,9,5,0.003179,0.838781,-16.121918
M87-20,24,42.000000,9,6,0.003152,0.831639,-16.836080
M87-20,24,42.000000,9,7,0.003135,0.827124,-17.287570
M87-20,24,42.000000,9,8,0.003190,0.841607,-15.839272
M87-20,24,42.000000,9,9,0.003245,0.856151,-14.384852
M87-20,25,50.000000,2,1,0.004179,1.101647,10.164662
M87-20,25,50.000000,2,2,0.004063,1.071156,7.115576
M87-20,25,50.000000,3,1,0.004191,1.104947,10.494721
M87-20,25,50.000000,3,2,0.004090,1.078303,7.830263
M87-20,25,50.000000,3,3,0.004117,1.085421,8.542050
M87-20,25,50.000000,4,2,0.004245,1.119201,11.920141
M87-20,25,50.000000,4,3,0.004271,1.125858,12.585794
M87-20,25,50.000000,5,1,0.004334,1.142677,14.267721
M87-20,25,50.000000,5,2,0.004235,1.116407,11.640698
M87-20,25,50.000000,5,3,0.004252,1.120904,12.090443
M87-20,25,50.000000,5,4,0.004457,1.174953,17.495282
M87-20,25,50.000000,5,5,0.003858,1.017113,1.711263
M87-20,25,50.000000,6,1,0.003832,1.010301,1.030056
M87-20,25,50.000000,6,2,0.003741,0.986095,-1.390548
M87-20,25,50.000000,6,3,0.003763,0.992000,-0.800028
M87-20,25,50.000000,6,4,0.003900,1.028069,2.806889
M87-20,25,50.000000,6,5,0.003968,1.045990,4.599011
M87-20,25,50.000000,7,2,0.003894,1.026571,2.657150
M87-20,25,50.000000,7,3,0.003899,1.027990,2.798980
M87-20,25,50.000000,7,5,0.003970,1.046515,4.651473
M87-20,25,50.000000,7,6,0.003923,1.034235,3.423508
M87-20,25,50.000000,7,7,0.003797,1.000858,0.085752
M87-20,25,50.000000,8,1,0.003913,1.031557,3.155665
M87-20,25,50.000000,8,2,0.003822,1.007680,0.768013
M87-20,25,50.000000,8,3,0.003857,1.016715,1.671456
M87-20,25,50.000000,8,4,0.003911,1.030969,3.096876
M87-20,25,50.000000,8,5,0.003858,1.017173,1.717327
M87-20,25,50.000000,8,6,0.003764,0.992327,-0.767339
M87-20,25,50.000000,8,7,0.003783,0.997320,-0.268033
M87-20,25,50.000000,8,8,0.003156,0.831906,-16.809367
M87-20,25,50.000000,9,1,0.003204,0.844659,-15.534055
M87-20,25,50.000000,9,2,0.003213,0.847020,-15.298031
M87-20,25,50.000000,9,3,0.003219,0.848549,-15.145102
M87-20,25,50.000000,9,4,0.003209,0.845899,-15.410098
M87-20,25,50.000000,9,5,0.003203,0.844386,-15.561366
M87-20,25,50.000000,9,6,0.003210,0.846131,-15.386873
M87-20,25,50.000000,9,7,0.003207,0.845459,-15.454124
M87-20,25,50.000000,9,8,0.003197,0.842801,-15.719937
M87-20,25,50.000000,9,9,0.003233,0.852241,-14.775869
