case,material,step,burnup_MWd_kgHM
M43-10,M43-10,0,0.0
M43-10,M43-10,1,0.0795368
M43-10,M43-10,2,0.317885
M43-10,M43-10,3,0.556198
M43-10,M43-10,4,0.794596
M43-10,M43-10,5,1.03304
M43-10,M43-10,6,1.27151
M43-10,M43-10,7,1.58966
M43-10,M43-10,8,1.98765
M43-10,M43-10,9,2.38619
M43-10,M43-10,10,3.18419
M43-10,M43-10,11,3.9836
M43-10,M43-10,12,4.7848
M43-10,M43-10,13,5.58736
M43-10,M43-10,14,6.39179
M43-10,M43-10,15,8.00447
M43-10,M43-10,16,9.62353
M43-10,M43-10,17,11.2493
M43-10,M43-10,18,12.8814
M43-10,M43-10,19,14.5196
M43-10,M43-10,20,16.165
M43-10,M43-10,21,19.4744
M43-10,M43-10,22,22.8092
M43-10,M43-10,23,27.8632
M43-10,M43-10,24,34.7019
M43-10,M43-10,25,41.657
M43-10,mox70,0,0.0
M43-10,mox70,1,0.105554
M43-10,mox70,2,0.422151
M43-10,mox70,3,0.738664
M43-10,mox70,4,1.05519
M43-10,mox70,5,1.37162
M43-10,mox70,6,1.68804
M43-10,mox70,7,2.10981
M43-10,mox70,8,2.63687
M43-10,mox70,9,3.16364
M43-10,mox70,10,4.21668
M43-10,mox70,11,5.26926
M43-10,mox70,12,6.32084
M43-10,mox70,13,7.37174
M43-10,mox70,14,8.42186
M43-10,mox70,15,10.5196
M43-10,mox70,16,12.6144
M43-10,mox70,17,14.7061
M43-10,mox70,18,16.7948
M43-10,mox70,19,18.8802
M43-10,mox70,20,20.9624
M43-10,mox70,21,25.1179
M43-10,mox70,22,29.2608
M43-10,mox70,23,35.4515
M43-10,mox70,24,43.6602
M43-10,mox70,25,51.8206
M43-10,mox87,0,0.0
M43-10,mox87,1,0.109981
M43-10,mox87,2,0.440306
M43-10,mox87,3,0.770824
M43-10,mox87,4,1.10124
M43-10,mox87,5,1.43177
M43-10,mox87,6,1.7623
M43-10,mox87,7,2.20307
M43-10,mox87,8,2.75399
M43-10,mox87,9,3.30491
M43-10,mox87,10,4.40678
M43-10,mox87,11,5.50812
M43-10,mox87,12,6.60955
M43-10,mox87,13,7.71089
M43-10,mox87,14,8.81181
M43-10,mox87,15,11.0146
M43-10,mox87,16,13.2165
M43-10,mox87,17,15.4176
M43-10,mox87,18,17.6178
M43-10,mox87,19,19.8184
M43-10,mox87,20,22.0176
M43-10,mox87,21,26.4146
M43-10,mox87,22,30.8096
M43-10,mox87,23,37.395
M43-10,mox87,24,46.1612
M43-10,mox87,25,54.9022
M43-15,M43-15,0,0.0
M43-15,M43-15,1,0.0790548
M43-15,M43-15,2,0.315997
M43-15,M43-15,3,0.553078
M43-15,M43-15,4,0.790099
M43-15,M43-15,5,1.02724
M43-15,M43-15,6,1.26438
M43-15,M43-15,7,1.58091
M43-15,M43-15,8,1.97683
M43-15,M43-15,9,2.37332
M43-15,M43-15,10,3.16728
M43-15,M43-15,11,3.96305
M43-15,M43-15,12,4.76026
M43-15,M43-15,13,5.5595
M43-15,M43-15,14,6.36014
M43-15,M43-15,15,7.96698
M43-15,M43-15,16,9.58164
M43-15,M43-15,17,11.2034
M43-15,M43-15,18,12.8322
M43-15,M43-15,19,14.4681
M43-15,M43-15,20,16.1119
M43-15,M43-15,21,19.4227
M43-15,M43-15,22,22.762
M43-15,M43-15,23,27.828
M43-15,M43-15,24,34.6883
M43-15,M43-15,25,41.6791
M43-15,mox70,0,0.0
M43-15,mox70,1,0.105643
M43-15,mox70,2,0.422436
M43-15,mox70,3,0.739243
M43-15,mox70,4,1.05604
M43-15,mox70,5,1.37268
M43-15,mox70,6,1.68932
M43-15,mox70,7,2.11138
M43-15,mox70,8,2.639
M43-15,mox70,9,3.1662
M43-15,mox70,10,4.22021
M43-15,mox70,11,5.27336
M43-15,mox70,12,6.32568
M43-15,mox70,13,7.37701
M43-15,mox70,14,8.42766
M43-15,mox70,15,10.5264
M43-15,mox70,16,12.6217
M43-15,mox70,17,14.7134
M43-15,mox70,18,16.8017
M43-15,mox70,19,18.8866
M43-15,mox70,20,20.9681
M43-15,mox70,21,25.1212
M43-15,mox70,22,29.2608
M43-15,mox70,23,35.4437
M43-15,mox70,24,43.6396
M43-15,mox70,25,51.7822
M43-15,mox87,0,0.0
M43-15,mox87,1,0.110293
M43-15,mox87,2,0.441653
M43-15,mox87,3,0.772846
M43-15,mox87,4,1.10412
M43-15,mox87,5,1.43556
M43-15,mox87,6,1.76702
M43-15,mox87,7,2.20884
M43-15,mox87,8,2.76077
M43-15,mox87,9,3.31295
M43-15,mox87,10,4.41702
M43-15,mox87,11,5.52092
M43-15,mox87,12,6.62493
M43-15,mox87,13,7.72877
M43-15,mox87,14,8.83249
M43-15,mox87,15,11.0392
M43-15,mox87,16,13.2447
M43-15,mox87,17,15.4496
M43-15,mox87,18,17.654
M43-15,mox87,19,19.8578
M43-15,mox87,20,22.0599
M43-15,mox87,21,26.4599
M43-15,mox87,22,30.8566
M43-15,mox87,23,37.4447
M43-15,mox87,24,46.2134
M43-15,mox87,25,54.9523
M43-20,M43-20,0,0.0
M43-20,M43-20,1,0.0786693
M43-20,M43-20,2,0.314506
M43-20,M43-20,3,0.55041
M43-20,M43-20,4,0.786183
M43-20,M43-20,5,1.02201
M43-20,M43-20,6,1.25808
M43-20,M43-20,7,1.57309
M43-20,M43-20,8,1.96722
M43-20,M43-20,9,2.36178
M43-20,M43-20,10,3.15208
M43-20,M43-20,11,3.94369
M43-20,M43-20,12,4.73727
M43-20,M43-20,13,5.5333
M43-20,M43-20,14,6.33072
M43-20,M43-20,15,7.9319
M43-20,M43-20,16,9.54167
M43-20,M43-20,17,11.1576
M43-20,M43-20,18,12.7824
M43-20,M43-20,19,14.415
M43-20,M43-20,20,16.0557
M43-20,M43-20,21,19.3605
M43-20,M43-20,22,22.6989
M43-20,M43-20,23,27.7693
M43-20,M43-20,24,34.6461
M43-20,M43-20,25,41.652
M43-20,mox70,0,0.0
M43-20,mox70,1,0.10575
M43-20,mox70,2,0.422875
M43-20,mox70,3,0.740015
M43-20,mox70,4,1.05709
M43-20,mox70,5,1.37406
M43-20,mox70,6,1.69102
M43-20,mox70,7,2.11348
M43-20,mox70,8,2.64137
M43-20,mox70,9,3.169
M43-20,mox70,10,4.22382
M43-20,mox70,11,5.27807
M43-20,mox70,12,6.33144
M43-20,mox70,13,7.38372
M43-20,mox70,14,8.43505
M43-20,mox70,15,10.535
M43-20,mox70,16,12.6312
M43-20,mox70,17,14.7237
M43-20,mox70,18,16.813
M43-20,mox70,19,18.8981
M43-20,mox70,20,20.98
M43-20,mox70,21,25.1327
M43-20,mox70,22,29.2708
M43-20,mox70,23,35.4514
M43-20,mox70,24,43.6403
M43-20,mox70,25,51.7764
M43-20,mox87,0,0.0
M43-20,mox87,1,0.110477
M43-20,mox87,2,0.442317
M43-20,mox87,3,0.774059
M43-20,mox87,4,1.10606
M43-20,mox87,5,1.43818
M43-20,mox87,6,1.7701
M43-20,mox87,7,2.21269
M43-20,mox87,8,2.76592
M43-20,mox87,9,3.3192
M43-20,mox87,10,4.4254
M43-20,mox87,11,5.53138
M43-20,mox87,12,6.63705
M43-20,mox87,13,7.74231
M43-20,mox87,14,8.84797
M43-20,mox87,15,11.058
M43-20,mox87,16,13.2667
M43-20,mox87,17,15.476
M43-20,mox87,18,17.6824
M43-20,mox87,19,19.889
M43-20,mox87,20,22.0937
M43-20,mox87,21,26.5002
M43-20,mox87,22,30.9007
M43-20,mox87,23,37.4888
M43-20,mox87,24,46.2544
M43-20,mox87,25,54.9901
M43-25,M43-25,0,0.0
M43-25,M43-25,1,0.0782794
M43-25,M43-25,2,0.313162
M43-25,M43-25,3,0.547869
M43-25,M43-25,4,0.782675
M43-25,M43-25,5,1.01744
M43-25,M43-25,6,1.25234
M43-25,M43-25,7,1.56562
M43-25,M43-25,8,1.95781
M43-25,M43-25,9,2.35041
M43-25,M43-25,10,3.13683
M43-25,M43-25,11,3.92548
M43-25,M43-25,12,4.71634
M43-25,M43-25,13,5.50903
M43-25,M43-25,14,6.30351
M43-25,M43-25,15,7.8993
M43-25,M43-25,16,9.50336
M43-25,M43-25,17,11.115
M43-25,M43-25,18,12.7355
M43-25,M43-25,19,14.3649
M43-25,M43-25,20,16.0034
M43-25,M43-25,21,19.3062
M43-25,M43-25,22,22.6428
M43-25,M43-25,23,27.7101
M43-25,M43-25,24,34.5896
M43-25,M43-25,25,41.6097
M43-25,mox70,0,0.0
M43-25,mox70,1,0.105824
M43-25,mox70,2,0.423209
M43-25,mox70,3,0.740601
M43-25,mox70,4,1.05787
M43-25,mox70,5,1.37513
M43-25,mox70,6,1.69235
M43-25,mox70,7,2.11522
M43-25,mox70,8,2.64366
M43-25,mox70,9,3.17187
M43-25,mox70,10,4.22774
M43-25,mox70,11,5.28242
M43-25,mox70,12,6.3366
M43-25,mox70,13,7.38955
M43-25,mox70,14,8.44166
M43-25,mox70,15,10.5428
M43-25,mox70,16,12.6402
M43-25,mox70,17,14.7339
M43-25,mox70,18,16.8239
M43-25,mox70,19,18.9097
M43-25,mox70,20,20.9916
M43-25,mox70,21,25.1447
M43-25,mox70,22,29.282
M43-25,mox70,23,35.4606
M43-25,mox70,24,43.6476
M43-25,mox70,25,51.7783
M43-25,mox87,0,0.0
M43-25,mox87,1,0.110727
M43-25,mox87,2,0.443028
M43-25,mox87,3,0.775491
M43-25,mox87,4,1.10809
M43-25,mox87,5,1.44074
M43-25,mox87,6,1.77332
M43-25,mox87,7,2.21686
M43-25,mox87,8,2.771
M43-25,mox87,9,3.32515
M43-25,mox87,10,4.43325
M43-25,mox87,11,5.54136
M43-25,mox87,12,6.64822
M43-25,mox87,13,7.75554
M43-25,mox87,14,8.86268
M43-25,mox87,15,11.0758
M43-25,mox87,16,13.288
M43-25,mox87,17,15.4993
M43-25,mox87,18,17.7088
M43-25,mox87,19,19.9173
M43-25,mox87,20,22.1241
M43-25,mox87,21,26.5319
M43-25,mox87,22,30.9358
M43-25,mox87,23,37.5306
M43-25,mox87,24,46.2969
M43-25,mox87,25,55.0287
M43-30,M43-30,0,0.0
M43-30,M43-30,1,0.0779385
M43-30,M43-30,2,0.311599
M43-30,M43-30,3,0.545317
M43-30,M43-30,4,0.779062
M43-30,M43-30,5,1.01276
M43-30,M43-30,6,1.24672
M43-30,M43-30,7,1.55878
M43-30,M43-30,8,1.94905
M43-30,M43-30,9,2.33973
M43-30,M43-30,10,3.12294
M43-30,M43-30,11,3.90868
M43-30,M43-30,12,4.6961
M43-30,M43-30,13,5.48579
M43-30,M43-30,14,6.27739
M43-30,M43-30,15,7.86746
M43-30,M43-30,16,9.46675
M43-30,M43-30,17,11.075
M43-30,M43-30,18,12.6909
M43-30,M43-30,19,14.3173
M43-30,M43-30,20,15.9516
M43-30,M43-30,21,19.2474
M43-30,M43-30,22,22.58
M43-30,M43-30,23,27.6446
M43-30,M43-30,24,34.5216
M43-30,M43-30,25,41.5441
M43-30,mox70,0,0.0
M43-30,mox70,1,0.105961
M43-30,mox70,2,0.423739
M43-30,mox70,3,0.741366
M43-30,mox70,4,1.05898
M43-30,mox70,5,1.37659
M43-30,mox70,6,1.69409
M43-30,mox70,7,2.11722
M43-30,mox70,8,2.64601
M43-30,mox70,9,3.17472
M43-30,mox70,10,4.23142
M43-30,mox70,11,5.28718
M43-30,mox70,12,6.34193
M43-30,mox70,13,7.39574
M43-30,mox70,14,8.44869
M43-30,mox70,15,10.5513
M43-30,mox70,16,12.6497
M43-30,mox70,17,14.7444
M43-30,mox70,18,16.8353
M43-30,mox70,19,18.9218
M43-30,mox70,20,21.0047
M43-30,mox70,21,25.1597
M43-30,mox70,22,29.2987
M43-30,mox70,23,35.4769
M43-30,mox70,24,43.6647
M43-30,mox70,25,51.7933
M43-30,mox87,0,0.0
M43-30,mox87,1,0.110811
M43-30,mox87,2,0.443591
M43-30,mox87,3,0.776598
M43-30,mox87,4,1.10961
M43-30,mox87,5,1.44267
M43-30,mox87,6,1.77566
M43-30,mox87,7,2.21995
M43-30,mox87,8,2.77532
M43-30,mox87,9,3.33043
M43-30,mox87,10,4.4402
M43-30,mox87,11,5.54917
M43-30,mox87,12,6.65839
M43-30,mox87,13,7.7671
M43-30,mox87,14,8.87552
M43-30,mox87,15,11.0917
M43-30,mox87,16,13.3065
M43-30,mox87,17,15.5195
M43-30,mox87,18,17.7318
M43-30,mox87,19,19.9419
M43-30,mox87,20,22.151
M43-30,mox87,21,26.5624
M43-30,mox87,22,30.9669
M43-30,mox87,23,37.5653
M43-30,mox87,24,46.3327
M43-30,mox87,25,55.0662
M43-5,M43-5,0,0.0
M43-5,M43-5,1,0.0800103
M43-5,M43-5,2,0.31996
M43-5,M43-5,3,0.559822
M43-5,M43-5,4,0.799821
M43-5,M43-5,5,1.03982
M43-5,M43-5,6,1.27992
M43-5,M43-5,7,1.60019
M43-5,M43-5,8,2.00088
M43-5,M43-5,9,2.40174
M43-5,M43-5,10,3.20424
M43-5,M43-5,11,4.00801
M43-5,M43-5,12,4.81278
M43-5,M43-5,13,5.61896
M43-5,M43-5,14,6.42646
M43-5,M43-5,15,8.04461
M43-5,M43-5,16,9.66829
M43-5,M43-5,17,11.2966
M43-5,M43-5,18,12.9299
M43-5,M43-5,19,14.5694
M43-5,M43-5,20,16.2135
M43-5,M43-5,21,19.5162
M43-5,M43-5,22,22.8425
M43-5,M43-5,23,27.8744
M43-5,M43-5,24,34.6699
M43-5,M43-5,25,41.5656
M43-5,mox70,0,0.0
M43-5,mox70,1,0.105483
M43-5,mox70,2,0.421822
M43-5,mox70,3,0.738038
M43-5,mox70,4,1.05423
M43-5,mox70,5,1.37042
M43-5,mox70,6,1.6865
M43-5,mox70,7,2.10787
M43-5,mox70,8,2.63441
M43-5,mox70,9,3.16079
M43-5,mox70,10,4.21328
M43-5,mox70,11,5.2651
M43-5,mox70,12,6.31641
M43-5,mox70,13,7.36685
M43-5,mox70,14,8.41662
M43-5,mox70,15,10.5147
M43-5,mox70,16,12.6099
M43-5,mox70,17,14.7025
M43-5,mox70,18,16.7922
M43-5,mox70,19,18.8789
M43-5,mox70,20,20.9631
M43-5,mox70,21,25.1246
M43-5,mox70,22,29.2737
M43-5,mox70,23,35.4763
M43-5,mox70,24,43.7076
M43-5,mox70,25,51.8932
M43-5,mox87,0,0.0
M43-5,mox87,1,0.109642
M43-5,mox87,2,0.438854
M43-5,mox87,3,0.768384
M43-5,mox87,4,1.09783
M43-5,mox87,5,1.42727
M43-5,mox87,6,1.75683
M43-5,mox87,7,2.19622
M43-5,mox87,8,2.74542
M43-5,mox87,9,3.29475
M43-5,mox87,10,4.3932
M43-5,mox87,11,5.49159
M43-5,mox87,12,6.58997
M43-5,mox87,13,7.68856
M43-5,mox87,14,8.7871
M43-5,mox87,15,10.9837
M43-5,mox87,16,13.1804
M43-5,mox87,17,15.3772
M43-5,mox87,18,17.5745
M43-5,mox87,19,19.7712
M43-5,mox87,20,21.9679
M43-5,mox87,21,26.3603
M43-5,mox87,22,30.7523
M43-5,mox87,23,37.3374
M43-5,mox87,24,46.1044
M43-5,mox87,25,54.8572
M70-10,M70-10,0,0.0
M70-10,M70-10,1,0.104709
M70-10,M70-10,2,0.418692
M70-10,M70-10,3,0.732644
M70-10,M70-10,4,1.04652
M70-10,M70-10,5,1.36032
M70-10,M70-10,6,1.6742
M70-10,M70-10,7,2.09261
M70-10,M70-10,8,2.61567
M70-10,M70-10,9,3.13874
M70-10,M70-10,10,4.18505
M70-10,M70-10,11,5.23131
M70-10,M70-10,12,6.27784
M70-10,M70-10,13,7.32429
M70-10,M70-10,14,8.37099
M70-10,M70-10,15,10.4649
M70-10,M70-10,16,12.5593
M70-10,M70-10,17,14.6535
M70-10,M70-10,18,16.7482
M70-10,M70-10,19,18.8432
M70-10,M70-10,20,20.9385
M70-10,M70-10,21,25.1278
M70-10,M70-10,22,29.3176
M70-10,M70-10,23,35.6013
M70-10,M70-10,24,43.9762
M70-10,M70-10,25,52.346
M70-10,mox43,0,0.0
M70-10,mox43,1,0.0810074
M70-10,mox43,2,0.323866
M70-10,mox43,3,0.566678
M70-10,mox43,4,0.809607
M70-10,mox43,5,1.05263
M70-10,mox43,6,1.29569
M70-10,mox43,7,1.61972
M70-10,mox43,8,2.02496
M70-10,mox43,9,2.43017
M70-10,mox43,10,3.24099
M70-10,mox43,11,4.05163
M70-10,mox43,12,4.86231
M70-10,mox43,13,5.67354
M70-10,mox43,14,6.48466
M70-10,mox43,15,8.10766
M70-10,mox43,16,9.73161
M70-10,mox43,17,11.3562
M70-10,mox43,18,12.9824
M70-10,mox43,19,14.6094
M70-10,mox43,20,16.2371
M70-10,mox43,21,19.498
M70-10,mox43,22,22.7669
M70-10,mox43,23,27.6863
M70-10,mox43,24,34.2794
M70-10,mox43,25,40.9194
M70-10,mox87,0,0.0
M70-10,mox87,1,0.110101
M70-10,mox87,2,0.440835
M70-10,mox87,3,0.771674
M70-10,mox87,4,1.10254
M70-10,mox87,5,1.43344
M70-10,mox87,6,1.76417
M70-10,mox87,7,2.20537
M70-10,mox87,8,2.75658
M70-10,mox87,9,3.30781
M70-10,mox87,10,4.40953
M70-10,mox87,11,5.51153
M70-10,mox87,12,6.61299
M70-10,mox87,13,7.71402
M70-10,mox87,14,8.81471
M70-10,mox87,15,11.0144
M70-10,mox87,16,13.2123
M70-10,mox87,17,15.4098
M70-10,mox87,18,17.6048
M70-10,mox87,19,19.7983
M70-10,mox87,20,21.9907
M70-10,mox87,21,26.3724
M70-10,mox87,22,30.7452
M70-10,mox87,23,37.2902
M70-10,mox87,24,45.9895
M70-10,mox87,25,54.6517
M70-15,M70-15,0,0.0
M70-15,M70-15,1,0.104456
M70-15,M70-15,2,0.417745
M70-15,M70-15,3,0.730892
M70-15,M70-15,4,1.04403
M70-15,M70-15,5,1.35713
M70-15,M70-15,6,1.67018
M70-15,M70-15,7,2.0876
M70-15,M70-15,8,2.60942
M70-15,M70-15,9,3.13117
M70-15,M70-15,10,4.17495
M70-15,M70-15,11,5.21913
M70-15,M70-15,12,6.26357
M70-15,M70-15,13,7.30822
M70-15,M70-15,14,8.3533
M70-15,M70-15,15,10.4434
M70-15,M70-15,16,12.535
M70-15,M70-15,17,14.6277
M70-15,M70-15,18,16.721
M70-15,M70-15,19,18.8151
M70-15,M70-15,20,20.9104
M70-15,M70-15,21,25.0993
M70-15,M70-15,22,29.2919
M70-15,M70-15,23,35.5828
M70-15,M70-15,24,43.9725
M70-15,M70-15,25,52.3644
M70-15,mox43,0,0.0
M70-15,mox43,1,0.0811245
M70-15,mox43,2,0.324364
M70-15,mox43,3,0.567731
M70-15,mox43,4,0.811211
M70-15,mox43,5,1.05467
M70-15,mox43,6,1.29811
M70-15,mox43,7,1.62279
M70-15,mox43,8,2.02866
M70-15,mox43,9,2.4348
M70-15,mox43,10,3.24666
M70-15,mox43,11,4.05868
M70-15,mox43,12,4.87061
M70-15,mox43,13,5.68268
M70-15,mox43,14,6.49457
M70-15,mox43,15,8.11879
M70-15,mox43,16,9.74343
M70-15,mox43,17,11.3685
M70-15,mox43,18,12.9942
M70-15,mox43,19,14.6206
M70-15,mox43,20,16.2482
M70-15,mox43,21,19.5083
M70-15,mox43,22,22.7734
M70-15,mox43,23,27.6836
M70-15,mox43,24,34.26
M70-15,mox43,25,40.8804
M70-15,mox87,0,0.0
M70-15,mox87,1,0.110458
M70-15,mox87,2,0.442116
M70-15,mox87,3,0.77391
M70-15,mox87,4,1.10561
M70-15,mox87,5,1.4374
M70-15,mox87,6,1.76932
M70-15,mox87,7,2.21173
M70-15,mox87,8,2.76463
M70-15,mox87,9,3.3174
M70-15,mox87,10,4.42283
M70-15,mox87,11,5.52736
M70-15,mox87,12,6.6315
M70-15,mox87,13,7.73507
M70-15,mox87,14,8.83804
M70-15,mox87,15,11.0436
M70-15,mox87,16,13.246
M70-15,mox87,17,15.4458
M70-15,mox87,18,17.6441
M70-15,mox87,19,19.84
M70-15,mox87,20,22.0325
M70-15,mox87,21,26.4157
M70-15,mox87,22,30.7869
M70-15,mox87,23,37.3278
M70-15,mox87,24,46.0159
M70-15,mox87,25,54.656
M70-20,M70-20,0,0.0
M70-20,M70-20,1,0.104227
M70-20,M70-20,2,0.416705
M70-20,M70-20,3,0.729181
M70-20,M70-20,4,1.04153
M70-20,M70-20,5,1.35387
M70-20,M70-20,6,1.66623
M70-20,M70-20,7,2.08255
M70-20,M70-20,8,2.60327
M70-20,M70-20,9,3.12399
M70-20,M70-20,10,4.16574
M70-20,M70-20,11,5.20778
M70-20,M70-20,12,6.25
M70-20,M70-20,13,7.29265
M70-20,M70-20,14,8.33587
M70-20,M70-20,15,10.4231
M70-20,M70-20,16,12.5123
M70-20,M70-20,17,14.602
M70-20,M70-20,18,16.6927
M70-20,M70-20,19,18.7849
M70-20,M70-20,20,20.8779
M70-20,M70-20,21,25.0672
M70-20,M70-20,22,29.2596
M70-20,M70-20,23,35.5526
M70-20,M70-20,24,43.9518
M70-20,M70-20,25,52.3533
M70-20,mox43,0,0.0
M70-20,mox43,1,0.0813238
M70-20,mox43,2,0.325113
M70-20,mox43,3,0.568816
M70-20,mox43,4,0.812735
M70-20,mox43,5,1.05663
M70-20,mox43,6,1.30038
M70-20,mox43,7,1.62581
M70-20,mox43,8,2.03251
M70-20,mox43,9,2.43924
M70-20,mox43,10,3.25249
M70-20,mox43,11,4.06565
M70-20,mox43,12,4.87883
M70-20,mox43,13,5.69245
M70-20,mox43,14,6.50554
M70-20,mox43,15,8.13208
M70-20,mox43,16,9.7577
M70-20,mox43,17,11.3839
M70-20,mox43,18,13.0113
M70-20,mox43,19,14.6381
M70-20,mox43,20,16.2666
M70-20,mox43,21,19.5243
M70-20,mox43,22,22.7882
M70-20,mox43,23,27.6945
M70-20,mox43,24,34.2622
M70-20,mox43,25,40.8686
M70-20,mox87,0,0.0
M70-20,mox87,1,0.110689
M70-20,mox87,2,0.443322
M70-20,mox87,3,0.776044
M70-20,mox87,4,1.10878
M70-20,mox87,5,1.44157
M70-20,mox87,6,1.77446
M70-20,mox87,7,2.21818
M70-20,mox87,8,2.77234
M70-20,mox87,9,3.32645
M70-20,mox87,10,4.4343
M70-20,mox87,11,5.54171
M70-20,mox87,12,6.64878
M70-20,mox87,13,7.75457
M70-20,mox87,14,8.85982
M70-20,mox87,15,11.0685
M70-20,mox87,16,13.2745
M70-20,mox87,17,15.4787
M70-20,mox87,18,17.6802
M70-20,mox87,19,19.8791
M70-20,mox87,20,22.075
M70-20,mox87,21,26.46
M70-20,mox87,22,30.8329
M70-20,mox87,23,37.3736
M70-20,mox87,24,46.0527
M70-20,mox87,25,54.6887
M70-25,M70-25,0,0.0
M70-25,M70-25,1,0.103978
M70-25,M70-25,2,0.41582
M70-25,M70-25,3,0.727566
M70-25,M70-25,4,1.03928
M70-25,M70-25,5,1.35094
M70-25,M70-25,6,1.66268
M70-25,M70-25,7,2.07818
M70-25,M70-25,8,2.59771
M70-25,M70-25,9,3.11735
M70-25,M70-25,10,4.15667
M70-25,M70-25,11,5.1966
M70-25,M70-25,12,6.23693
M70-25,M70-25,13,7.27784
M70-25,M70-25,14,8.31915
M70-25,M70-25,15,10.4029
M70-25,M70-25,16,12.4885
M70-25,M70-25,17,14.5761
M70-25,M70-25,18,16.665
M70-25,M70-25,19,18.7549
M70-25,M70-25,20,20.8467
M70-25,M70-25,21,25.0342
M70-25,M70-25,22,29.2241
M70-25,M70-25,23,35.5179
M70-25,M70-25,24,43.9182
M70-25,M70-25,25,52.3266
M70-25,mox43,0,0.0
M70-25,mox43,1,0.0814546
M70-25,mox43,2,0.325784
M70-25,mox43,3,0.57003
M70-25,mox43,4,0.814225
M70-25,mox43,5,1.0585
M70-25,mox43,6,1.30285
M70-25,mox43,7,1.62873
M70-25,mox43,8,2.03623
M70-25,mox43,9,2.44366
M70-25,mox43,10,3.25845
M70-25,mox43,11,4.07296
M70-25,mox43,12,4.88774
M70-25,mox43,13,5.70184
M70-25,mox43,14,6.51587
M70-25,mox43,15,8.14513
M70-25,mox43,16,9.77374
M70-25,mox43,17,11.4018
M70-25,mox43,18,13.0299
M70-25,mox43,19,14.6575
M70-25,mox43,20,16.2854
M70-25,mox43,21,19.5456
M70-25,mox43,22,22.8096
M70-25,mox43,23,27.7151
M70-25,mox43,24,34.2833
M70-25,mox43,25,40.8853
M70-25,mox87,0,0.0
M70-25,mox87,1,0.111027
M70-25,mox87,2,0.444313
M70-25,mox87,3,0.777863
M70-25,mox87,4,1.11152
M70-25,mox87,5,1.4452
M70-25,mox87,6,1.77865
M70-25,mox87,7,2.22348
M70-25,mox87,8,2.77905
M70-25,mox87,9,3.33451
M70-25,mox87,10,4.4454
M70-25,mox87,11,5.55541
M70-25,mox87,12,6.6644
M70-25,mox87,13,7.773
M70-25,mox87,14,8.88092
M70-25,mox87,15,11.0934
M70-25,mox87,16,13.303
M70-25,mox87,17,15.5096
M70-25,mox87,18,17.7136
M70-25,mox87,19,19.9161
M70-25,mox87,20,22.1149
M70-25,mox87,21,26.5007
M70-25,mox87,22,30.8782
M70-25,mox87,23,37.4181
M70-25,mox87,24,46.0947
M70-25,mox87,25,54.7221
M70-30,M70-30,0,0.0
M70-30,M70-30,1,0.103756
M70-30,M70-30,2,0.414906
M70-30,M70-30,3,0.726023
M70-30,M70-30,4,1.03705
M70-30,M70-30,5,1.34812
M70-30,M70-30,6,1.65915
M70-30,M70-30,7,2.07382
M70-30,M70-30,8,2.59228
M70-30,M70-30,9,3.11078
M70-30,M70-30,10,4.1482
M70-30,M70-30,11,5.18595
M70-30,M70-30,12,6.22424
M70-30,M70-30,13,7.2632
M70-30,M70-30,14,8.30279
M70-30,M70-30,15,10.3828
M70-30,M70-30,16,12.4656
M70-30,M70-30,17,14.5501
M70-30,M70-30,18,16.6363
M70-30,M70-30,19,18.7245
M70-30,M70-30,20,20.8137
M70-30,M70-30,21,24.9977
M70-30,M70-30,22,29.1859
M70-30,M70-30,23,35.4772
M70-30,M70-30,24,43.877
M70-30,M70-30,25,52.2875
M70-30,mox43,0,0.0
M70-30,mox43,1,0.0815887
M70-30,mox43,2,0.326382
M70-30,mox43,3,0.571124
M70-30,mox43,4,0.815826
M70-30,mox43,5,1.06056
M70-30,mox43,6,1.3053
M70-30,mox43,7,1.63175
M70-30,mox43,8,2.03986
M70-30,mox43,9,2.448
M70-30,mox43,10,3.26432
M70-30,mox43,11,4.08075
M70-30,mox43,12,4.8966
M70-30,mox43,13,5.71242
M70-30,mox43,14,6.52811
M70-30,mox43,15,8.15906
M70-30,mox43,16,9.78884
M70-30,mox43,17,11.4193
M70-30,mox43,18,13.0494
M70-30,mox43,19,14.6783
M70-30,mox43,20,16.3087
M70-30,mox43,21,19.5706
M70-30,mox43,22,22.8369
M70-30,mox43,23,27.7448
M70-30,mox43,24,34.3114
M70-30,mox43,25,40.9124
M70-30,mox87,0,0.0
M70-30,mox87,1,0.111309
M70-30,mox87,2,0.445433
M70-30,mox87,3,0.779667
M70-30,mox87,4,1.11412
M70-30,mox87,5,1.44845
M70-30,mox87,6,1.78284
M70-30,mox87,7,2.22865
M70-30,mox87,8,2.78563
M70-30,mox87,9,3.3425
M70-30,mox87,10,4.45545
M70-30,mox87,11,5.56765
M70-30,mox87,12,6.67939
M70-30,mox87,13,7.78993
M70-30,mox87,14,8.89943
M70-30,mox87,15,11.1172
M70-30,mox87,16,13.3311
M70-30,mox87,17,15.5409
M70-30,mox87,18,17.748
M70-30,mox87,19,19.9525
M70-30,mox87,20,22.1535
M70-30,mox87,21,26.5444
M70-30,mox87,22,30.9228
M70-30,mox87,23,37.4649
M70-30,mox87,24,46.144
M70-30,mox87,25,54.7685
M70-5,M70-5,0,0.0
M70-5,M70-5,1,0.104987
M70-5,M70-5,2,0.419846
M70-5,M70-5,3,0.734714
M70-5,M70-5,4,1.04951
M70-5,M70-5,5,1.36426
M70-5,M70-5,6,1.67893
M70-5,M70-5,7,2.09857
M70-5,M70-5,8,2.62302
M70-5,M70-5,9,3.1474
M70-5,M70-5,10,4.19618
M70-5,M70-5,11,5.24511
M70-5,M70-5,12,6.29383
M70-5,M70-5,13,7.34241
M70-5,M70-5,14,8.39107
M70-5,M70-5,15,10.488
M70-5,M70-5,16,12.5843
M70-5,M70-5,17,14.68
M70-5,M70-5,18,16.7751
M70-5,M70-5,19,18.87
M70-5,M70-5,20,20.9644
M70-5,M70-5,21,25.1503
M70-5,M70-5,22,29.3337
M70-5,M70-5,23,35.6022
M70-5,M70-5,24,43.9493
M70-5,M70-5,25,52.2796
M70-5,mox43,0,0.0
M70-5,mox43,1,0.0808477
M70-5,mox43,2,0.323306
M70-5,mox43,3,0.565757
M70-5,mox43,4,0.808248
M70-5,mox43,5,1.05083
M70-5,mox43,6,1.29334
M70-5,mox43,7,1.61676
M70-5,mox43,8,2.0212
M70-5,mox43,9,2.42577
M70-5,mox43,10,3.23468
M70-5,mox43,11,4.04427
M70-5,mox43,12,4.85459
M70-5,mox43,13,5.66532
M70-5,mox43,14,6.47577
M70-5,mox43,15,8.09762
M70-5,mox43,16,9.7211
M70-5,mox43,17,11.3466
M70-5,mox43,18,12.9735
M70-5,mox43,19,14.6016
M70-5,mox43,20,16.2321
M70-5,mox43,21,19.4992
M70-5,mox43,22,22.7767
M70-5,mox43,23,27.7116
M70-5,mox43,24,34.3332
M70-5,mox43,25,41.01
M70-5,mox87,0,0.0
M70-5,mox87,1,0.109738
M70-5,mox87,2,0.439226
M70-5,mox87,3,0.768707
M70-5,mox87,4,1.09829
M70-5,mox87,5,1.42786
M70-5,mox87,6,1.75765
M70-5,mox87,7,2.19714
M70-5,mox87,8,2.74654
M70-5,mox87,9,3.29594
M70-5,mox87,10,4.39493
M70-5,mox87,11,5.49296
M70-5,mox87,12,6.59066
M70-5,mox87,13,7.6882
M70-5,mox87,14,8.7859
M70-5,mox87,15,10.981
M70-5,mox87,16,13.1757
M70-5,mox87,17,15.3696
M70-5,mox87,18,17.5631
M70-5,mox87,19,19.7559
M70-5,mox87,20,21.9471
M70-5,mox87,21,26.329
M70-5,mox87,22,30.7053
M70-5,mox87,23,37.2633
M70-5,mox87,24,45.9864
M70-5,mox87,25,54.6859
M87-10,M87-10,0,0.0
M87-10,M87-10,1,0.107522
M87-10,M87-10,2,0.430586
M87-10,M87-10,3,0.753426
M87-10,M87-10,4,1.07648
M87-10,M87-10,5,1.39963
M87-10,M87-10,6,1.72268
M87-10,M87-10,7,2.15362
M87-10,M87-10,8,2.6925
M87-10,M87-10,9,3.2313
M87-10,M87-10,10,4.30962
M87-10,M87-10,11,5.38874
M87-10,M87-10,12,6.46863
M87-10,M87-10,13,7.54943
M87-10,M87-10,14,8.63136
M87-10,M87-10,15,10.7968
M87-10,M87-10,16,12.9665
M87-10,M87-10,17,15.1405
M87-10,M87-10,18,17.3171
M87-10,M87-10,19,19.4974
M87-10,M87-10,20,21.6808
M87-10,M87-10,21,26.0563
M87-10,M87-10,22,30.446
M87-10,M87-10,23,37.0531
M87-10,M87-10,24,45.8989
M87-10,M87-10,25,54.778
M87-10,mox43,0,0.0
M87-10,mox43,1,0.0813653
M87-10,mox43,2,0.325242
M87-10,mox43,3,0.569204
M87-10,mox43,4,0.813185
M87-10,mox43,5,1.05716
M87-10,mox43,6,1.30125
M87-10,mox43,7,1.62665
M87-10,mox43,8,2.03358
M87-10,mox43,9,2.44075
M87-10,mox43,10,3.25553
M87-10,mox43,11,4.07077
M87-10,mox43,12,4.88635
M87-10,mox43,13,5.70228
M87-10,mox43,14,6.51856
M87-10,mox43,15,8.15266
M87-10,mox43,16,9.78872
M87-10,mox43,17,11.4266
M87-10,mox43,18,13.0665
M87-10,mox43,19,14.7081
M87-10,mox43,20,16.3523
M87-10,mox43,21,19.6504
M87-10,mox43,22,22.9575
M87-10,mox43,23,27.9392
M87-10,mox43,24,34.6291
M87-10,mox43,25,41.3771
M87-10,mox70,0,0.0
M87-10,mox70,1,0.105893
M87-10,mox70,2,0.423421
M87-10,mox70,3,0.741024
M87-10,mox70,4,1.0585
M87-10,mox70,5,1.37593
M87-10,mox70,6,1.69336
M87-10,mox70,7,2.11651
M87-10,mox70,8,2.64524
M87-10,mox70,9,3.17389
M87-10,mox70,10,4.23056
M87-10,mox70,11,5.28656
M87-10,mox70,12,6.34198
M87-10,mox70,13,7.39672
M87-10,mox70,14,8.45067
M87-10,mox70,15,10.5569
M87-10,mox70,16,12.6598
M87-10,mox70,17,14.7596
M87-10,mox70,18,16.8568
M87-10,mox70,19,18.9512
M87-10,mox70,20,21.0424
M87-10,mox70,21,25.2153
M87-10,mox70,22,29.3758
M87-10,mox70,23,35.5933
M87-10,mox70,24,43.8387
M87-10,mox70,25,52.0356
M87-15,M87-15,0,0.0
M87-15,M87-15,1,0.107025
M87-15,M87-15,2,0.428458
M87-15,M87-15,3,0.750001
M87-15,M87-15,4,1.07154
M87-15,M87-15,5,1.39314
M87-15,M87-15,6,1.71452
M87-15,M87-15,7,2.14352
M87-15,M87-15,8,2.67978
M87-15,M87-15,9,3.21616
M87-15,M87-15,10,4.2897
M87-15,M87-15,11,5.36414
M87-15,M87-15,12,6.43963
M87-15,M87-15,13,7.51646
M87-15,M87-15,14,8.59413
M87-15,M87-15,15,10.7524
M87-15,M87-15,16,12.9143
M87-15,M87-15,17,15.0806
M87-15,M87-15,18,17.2528
M87-15,M87-15,19,19.4283
M87-15,M87-15,20,21.6081
M87-15,M87-15,21,25.9794
M87-15,M87-15,22,30.3648
M87-15,M87-15,23,36.9706
M87-15,M87-15,24,45.8206
M87-15,M87-15,25,54.715
M87-15,mox43,0,0.0
M87-15,mox43,1,0.0814987
M87-15,mox43,2,0.32583
M87-15,mox43,3,0.570206
M87-15,mox43,4,0.814722
M87-15,mox43,5,1.05937
M87-15,mox43,6,1.30414
M87-15,mox43,7,1.63042
M87-15,mox43,8,2.03854
M87-15,mox43,9,2.44665
M87-15,mox43,10,3.26281
M87-15,mox43,11,4.07965
M87-15,mox43,12,4.89688
M87-15,mox43,13,5.71441
M87-15,mox43,14,6.53243
M87-15,mox43,15,8.16991
M87-15,mox43,16,9.8087
M87-15,mox43,17,11.45
M87-15,mox43,18,13.0923
M87-15,mox43,19,14.7375
M87-15,mox43,20,16.3832
M87-15,mox43,21,19.6825
M87-15,mox43,22,22.9921
M87-15,mox43,23,27.9765
M87-15,mox43,24,34.6691
M87-15,mox43,25,41.418
M87-15,mox70,0,0.0
M87-15,mox70,1,0.106087
M87-15,mox70,2,0.424243
M87-15,mox70,3,0.742317
M87-15,mox70,4,1.06032
M87-15,mox70,5,1.37822
M87-15,mox70,6,1.69617
M87-15,mox70,7,2.11989
M87-15,mox70,8,2.64938
M87-15,mox70,9,3.17882
M87-15,mox70,10,4.23731
M87-15,mox70,11,5.29495
M87-15,mox70,12,6.35184
M87-15,mox70,13,7.40784
M87-15,mox70,14,8.46315
M87-15,mox70,15,10.5714
M87-15,mox70,16,12.6771
M87-15,mox70,17,14.779
M87-15,mox70,18,16.8773
M87-15,mox70,19,18.9723
M87-15,mox70,20,21.0647
M87-15,mox70,21,25.2392
M87-15,mox70,22,29.4007
M87-15,mox70,23,35.6175
M87-15,mox70,24,43.8592
M87-15,mox70,25,52.0474
M87-20,M87-20,0,0.0
M87-20,M87-20,1,0.106595
M87-20,M87-20,2,0.426752
M87-20,M87-20,3,0.74696
M87-20,M87-20,4,1.06711
M87-20,M87-20,5,1.38739
M87-20,M87-20,6,1.70768
M87-20,M87-20,7,2.1349
M87-20,M87-20,8,2.66918
M87-20,M87-20,9,3.20374
M87-20,M87-20,10,4.27357
M87-20,M87-20,11,5.34422
M87-20,M87-20,12,6.41599
M87-20,M87-20,13,7.4889
M87-20,M87-20,14,8.56275
M87-20,M87-20,15,10.7149
M87-20,M87-20,16,12.8714
M87-20,M87-20,17,15.0334
M87-20,M87-20,18,17.1998
M87-20,M87-20,19,19.3701
M87-20,M87-20,20,21.5462
M87-20,M87-20,21,25.9084
M87-20,M87-20,22,30.2903
M87-20,M87-20,23,36.8893
M87-20,M87-20,24,45.7409
M87-20,M87-20,25,54.6409
M87-20,mox43,0,0.0
M87-20,mox43,1,0.081679
M87-20,mox43,2,0.326622
M87-20,mox43,3,0.571585
M87-20,mox43,4,0.816608
M87-20,mox43,5,1.06163
M87-20,mox43,6,1.30674
M87-20,mox43,7,1.63371
M87-20,mox43,8,2.04247
M87-20,mox43,9,2.45122
M87-20,mox43,10,3.26894
M87-20,mox43,11,4.08718
M87-20,mox43,12,4.90561
M87-20,mox43,13,5.72429
M87-20,mox43,14,6.54371
M87-20,mox43,15,8.18274
M87-20,mox43,16,9.82412
M87-20,mox43,17,11.4663
M87-20,mox43,18,13.11
M87-20,mox43,19,14.7562
M87-20,mox43,20,16.4042
M87-20,mox43,21,19.7088
M87-20,mox43,22,23.0221
M87-20,mox43,23,28.012
M87-20,mox43,24,34.7061
M87-20,mox43,25,41.453
M87-20,mox70,0,0.0
M87-20,mox70,1,0.10622
M87-20,mox70,2,0.424731
M87-20,mox70,3,0.743205
M87-20,mox70,4,1.06168
M87-20,mox70,5,1.38008
M87-20,mox70,6,1.69843
M87-20,mox70,7,2.12273
M87-20,mox70,8,2.65294
M87-20,mox70,9,3.18301
M87-20,mox70,10,4.24264
M87-20,mox70,11,5.30157
M87-20,mox70,12,6.3598
M87-20,mox70,13,7.41728
M87-20,mox70,14,8.47387
M87-20,mox70,15,10.5846
M87-20,mox70,16,12.6917
M87-20,mox70,17,14.7955
M87-20,mox70,18,16.8962
M87-20,mox70,19,18.9934
M87-20,mox70,20,21.0866
M87-20,mox70,21,25.2631
M87-20,mox70,22,29.4244
M87-20,mox70,23,35.6419
M87-20,mox70,24,43.8821
M87-20,mox70,25,52.0683
M87-25,M87-25,0,0.0
M87-25,M87-25,1,0.106192
M87-25,M87-25,2,0.425252
M87-25,M87-25,3,0.744222
M87-25,M87-25,4,1.06328
M87-25,M87-25,5,1.38241
M87-25,M87-25,6,1.70159
M87-25,M87-25,7,2.12731
M87-25,M87-25,8,2.65954
M87-25,M87-25,9,3.19208
M87-25,M87-25,10,4.25755
M87-25,M87-25,11,5.32458
M87-25,M87-25,12,6.39306
M87-25,M87-25,13,7.4626
M87-25,M87-25,14,8.53341
M87-25,M87-25,15,10.6787
M87-25,M87-25,16,12.8298
M87-25,M87-25,17,14.986
M87-25,M87-25,18,17.1477
M87-25,M87-25,19,19.3144
M87-25,M87-25,20,21.4862
M87-25,M87-25,21,25.8447
M87-25,M87-25,22,30.2201
M87-25,M87-25,23,36.8146
M87-25,M87-25,24,45.6623
M87-25,M87-25,25,54.5655
M87-25,mox43,0,0.0
M87-25,mox43,1,0.0818366
M87-25,mox43,2,0.327132
M87-25,mox43,3,0.572473
M87-25,mox43,4,0.817763
M87-25,mox43,5,1.06313
M87-25,mox43,6,1.30858
M87-25,mox43,7,1.63594
M87-25,mox43,8,2.04528
M87-25,mox43,9,2.45476
M87-25,mox43,10,3.27423
M87-25,mox43,11,4.09375
M87-25,mox43,12,4.91347
M87-25,mox43,13,5.73357
M87-25,mox43,14,6.5539
M87-25,mox43,15,8.19574
M87-25,mox43,16,9.83926
M87-25,mox43,17,11.4839
M87-25,mox43,18,13.13
M87-25,mox43,19,14.7782
M87-25,mox43,20,16.4283
M87-25,mox43,21,19.7333
M87-25,mox43,22,23.0491
M87-25,mox43,23,28.041
M87-25,mox43,24,34.7381
M87-25,mox43,25,41.4873
M87-25,mox70,0,0.0
M87-25,mox70,1,0.106351
M87-25,mox70,2,0.425259
M87-25,mox70,3,0.744192
M87-25,mox70,4,1.0631
M87-25,mox70,5,1.38194
M87-25,mox70,6,1.7007
M87-25,mox70,7,2.12559
M87-25,mox70,8,2.65658
M87-25,mox70,9,3.18734
M87-25,mox70,10,4.24837
M87-25,mox70,11,5.30854
M87-25,mox70,12,6.36784
M87-25,mox70,13,7.42636
M87-25,mox70,14,8.48409
M87-25,mox70,15,10.597
M87-25,mox70,16,12.7059
M87-25,mox70,17,14.8114
M87-25,mox70,18,16.9133
M87-25,mox70,19,19.0114
M87-25,mox70,20,21.1057
M87-25,mox70,21,25.284
M87-25,mox70,22,29.4475
M87-25,mox70,23,35.6664
M87-25,mox70,24,43.9069
M87-25,mox70,25,52.0903
M87-30,M87-30,0,0.0
M87-30,M87-30,1,0.105853
M87-30,M87-30,2,0.423824
M87-30,M87-30,3,0.741621
M87-30,M87-30,4,1.0595
M87-30,M87-30,5,1.37756
M87-30,M87-30,6,1.69572
M87-30,M87-30,7,2.11998
M87-30,M87-30,8,2.65056
M87-30,M87-30,9,3.18136
M87-30,M87-30,10,4.24404
M87-30,M87-30,11,5.30772
M87-30,M87-30,12,6.37277
M87-30,M87-30,13,7.43928
M87-30,M87-30,14,8.50691
M87-30,M87-30,15,10.6468
M87-30,M87-30,16,12.7932
M87-30,M87-30,17,14.9442
M87-30,M87-30,18,17.1013
M87-30,M87-30,19,19.2636
M87-30,M87-30,20,21.4301
M87-30,M87-30,21,25.7799
M87-30,M87-30,22,30.1502
M87-30,M87-30,23,36.7391
M87-30,M87-30,24,45.5813
M87-30,M87-30,25,54.4837
M87-30,mox43,0,0.0
M87-30,mox43,1,0.0819186
M87-30,mox43,2,0.327609
M87-30,mox43,3,0.573387
M87-30,mox43,4,0.819146
M87-30,mox43,5,1.06492
M87-30,mox43,6,1.31073
M87-30,mox43,7,1.63867
M87-30,mox43,8,2.04855
M87-30,mox43,9,2.45874
M87-30,mox43,10,3.27938
M87-30,mox43,11,4.10014
M87-30,mox43,12,4.92106
M87-30,mox43,13,5.74216
M87-30,mox43,14,6.56387
M87-30,mox43,15,8.20819
M87-30,mox43,16,9.85259
M87-30,mox43,17,11.4987
M87-30,mox43,18,13.1466
M87-30,mox43,19,14.7962
M87-30,mox43,20,16.4484
M87-30,mox43,21,19.7574
M87-30,mox43,22,23.073
M87-30,mox43,23,28.0662
M87-30,mox43,24,34.7645
M87-30,mox43,25,41.5161
M87-30,mox70,0,0.0
M87-30,mox70,1,0.106488
M87-30,mox70,2,0.425767
M87-30,mox70,3,0.745092
M87-30,mox70,4,1.06438
M87-30,mox70,5,1.38357
M87-30,mox70,6,1.70269
M87-30,mox70,7,2.12805
M87-30,mox70,8,2.65963
M87-30,mox70,9,3.19093
M87-30,mox70,10,4.25283
M87-30,mox70,11,5.31413
M87-30,mox70,12,6.37461
M87-30,mox70,13,7.43422
M87-30,mox70,14,8.49291
M87-30,mox70,15,10.6073
M87-30,mox70,16,12.7183
M87-30,mox70,17,14.8258
M87-30,mox70,18,16.9292
M87-30,mox70,19,19.0289
M87-30,mox70,20,21.1249
M87-30,mox70,21,25.3057
M87-30,mox70,22,29.4721
M87-30,mox70,23,35.6932
M87-30,mox70,24,43.9361
M87-30,mox70,25,52.1186
M87-5,M87-5,0,0.0
M87-5,M87-5,1,0.108103
M87-5,M87-5,2,0.432746
M87-5,M87-5,3,0.757653
M87-5,M87-5,4,1.08255
M87-5,M87-5,5,1.40752
M87-5,M87-5,6,1.73255
M87-5,M87-5,7,2.16599
M87-5,M87-5,8,2.70738
M87-5,M87-5,9,3.24924
M87-5,M87-5,10,4.33333
M87-5,M87-5,11,5.41808
M87-5,M87-5,12,6.50356
M87-5,M87-5,13,7.58951
M87-5,M87-5,14,8.67616
M87-5,M87-5,15,10.8518
M87-5,M87-5,16,13.0302
M87-5,M87-5,17,15.2103
M87-5,M87-5,18,17.3931
M87-5,M87-5,19,19.5788
M87-5,M87-5,20,21.7673
M87-5,M87-5,21,26.1489
M87-5,M87-5,22,30.5406
M87-5,M87-5,23,37.1432
M87-5,M87-5,24,45.9707
M87-5,M87-5,25,54.8191
M87-5,mox43,0,0.0
M87-5,mox43,1,0.0810994
M87-5,mox43,2,0.324313
M87-5,mox43,3,0.567462
M87-5,mox43,4,0.810689
M87-5,mox43,5,1.05403
M87-5,mox43,6,1.2974
M87-5,mox43,7,1.622
M87-5,mox43,8,2.02786
M87-5,mox43,9,2.43383
M87-5,mox43,10,3.24632
M87-5,mox43,11,4.05933
M87-5,mox43,12,4.87236
M87-5,mox43,13,5.68632
M87-5,mox43,14,6.50047
M87-5,mox43,15,8.13048
M87-5,mox43,16,9.76276
M87-5,mox43,17,11.3972
M87-5,mox43,18,13.033
M87-5,mox43,19,14.6724
M87-5,mox43,20,16.3141
M87-5,mox43,21,19.6058
M87-5,mox43,22,22.9093
M87-5,mox43,23,27.8883
M87-5,mox43,24,34.5787
M87-5,mox43,25,41.3284
M87-5,mox70,0,0.0
M87-5,mox70,1,0.105724
M87-5,mox70,2,0.422763
M87-5,mox70,3,0.739697
M87-5,mox70,4,1.05659
M87-5,mox70,5,1.37339
M87-5,mox70,6,1.69014
M87-5,mox70,7,2.11238
M87-5,mox70,8,2.64034
M87-5,mox70,9,3.168
M87-5,mox70,10,4.22282
M87-5,mox70,11,5.27701
M87-5,mox70,12,6.3308
M87-5,mox70,13,7.38384
M87-5,mox70,14,8.43641
M87-5,mox70,15,10.5394
M87-5,mox70,16,12.6397
M87-5,mox70,17,14.738
M87-5,mox70,18,16.8341
M87-5,mox70,19,18.9267
M87-5,mox70,20,21.0166
M87-5,mox70,21,25.1897
M87-5,mox70,22,29.351
M87-5,mox70,23,35.5724
M87-5,mox70,24,43.8273
M87-5,mox70,25,52.0395
mox1,mox43,0,0.0
mox1,mox43,1,0.0806968
mox1,mox43,2,0.322724
mox1,mox43,3,0.564592
mox1,mox43,4,0.806564
mox1,mox43,5,1.04861
mox1,mox43,6,1.2907
mox1,mox43,7,1.6136
mox1,mox43,8,2.01746
mox1,mox43,9,2.42171
mox1,mox43,10,3.23037
mox1,mox43,11,4.03956
mox1,mox43,12,4.8492
mox1,mox43,13,5.65924
mox1,mox43,14,6.46985
mox1,mox43,15,8.09315
mox1,mox43,16,9.71921
mox1,mox43,17,11.3486
mox1,mox43,18,12.9803
mox1,mox43,19,14.6148
mox1,mox43,20,16.252
mox1,mox43,21,19.5374
mox1,mox43,22,22.8353
mox1,mox43,23,27.8105
mox1,mox43,24,34.5017
mox1,mox43,25,41.2633
mox1,mox70,0,0.0
mox1,mox70,1,0.105408
mox1,mox70,2,0.421439
mox1,mox70,3,0.737461
mox1,mox70,4,1.0534
mox1,mox70,5,1.36927
mox1,mox70,6,1.68514
mox1,mox70,7,2.10622
mox1,mox70,8,2.63247
mox1,mox70,9,3.15869
mox1,mox70,10,4.21086
mox1,mox70,11,5.26253
mox1,mox70,12,6.3139
mox1,mox70,13,7.3646
mox1,mox70,14,8.41511
mox1,mox70,15,10.5142
mox1,mox70,16,12.6119
mox1,mox70,17,14.7078
mox1,mox70,18,16.8022
mox1,mox70,19,18.8939
mox1,mox70,20,20.9841
mox1,mox70,21,25.1578
mox1,mox70,22,29.3231
mox1,mox70,23,35.556
mox1,mox70,24,43.8335
mox1,mox70,25,52.077
mox1,mox87,0,0.0
mox1,mox87,1,0.109099
mox1,mox87,2,0.436816
mox1,mox87,3,0.764711
mox1,mox87,4,1.09266
mox1,mox87,5,1.42065
mox1,mox87,6,1.74862
mox1,mox87,7,2.18593
mox1,mox87,8,2.73254
mox1,mox87,9,3.27881
mox1,mox87,10,4.37168
mox1,mox87,11,5.46496
mox1,mox87,12,6.55837
mox1,mox87,13,7.65262
mox1,mox87,14,8.74666
mox1,mox87,15,10.9363
mox1,mox87,16,13.1258
mox1,mox87,17,15.3154
mox1,mox87,18,17.5055
mox1,mox87,19,19.6979
mox1,mox87,20,21.8904
mox1,mox87,21,26.2768
mox1,mox87,22,30.6668
mox1,mox87,23,37.2516
mox1,mox87,24,46.0357
mox1,mox87,25,54.8137
mox43,mox43,0,0.0
mox43,mox43,1,0.1
mox43,mox43,2,0.400002
mox43,mox43,3,0.700003
mox43,mox43,4,1.0
mox43,mox43,5,1.30001
mox43,mox43,6,1.60001
mox43,mox43,7,2.00001
mox43,mox43,8,2.50001
mox43,mox43,9,3.00001
mox43,mox43,10,4.00001
mox43,mox43,11,5.00002
mox43,mox43,12,6.00002
mox43,mox43,13,7.00003
mox43,mox43,14,8.00003
mox43,mox43,15,10.0
mox43,mox43,16,12.0
mox43,mox43,17,14.0001
mox43,mox43,18,16.0001
mox43,mox43,19,18.0001
mox43,mox43,20,20.0001
mox43,mox43,21,24.0001
mox43,mox43,22,28.0001
mox43,mox43,23,34.0001
mox43,mox43,24,42.0002
mox43,mox43,25,50.0002
mox70,mox70,0,0.0
mox70,mox70,1,0.1
mox70,mox70,2,0.400001
mox70,mox70,3,0.700002
mox70,mox70,4,1.0
mox70,mox70,5,1.3
mox70,mox70,6,1.60001
mox70,mox70,7,2.00001
mox70,mox70,8,2.50001
mox70,mox70,9,3.00001
mox70,mox70,10,4.00001
mox70,mox70,11,5.00002
mox70,mox70,12,6.00002
mox70,mox70,13,7.00002
mox70,mox70,14,8.00003
mox70,mox70,15,10.0
mox70,mox70,16,12.0
mox70,mox70,17,14.0
mox70,mox70,18,16.0001
mox70,mox70,19,18.0001
mox70,mox70,20,20.0001
mox70,mox70,21,24.0001
mox70,mox70,22,28.0001
mox70,mox70,23,34.0001
mox70,mox70,24,42.0002
mox70,mox70,25,50.0002
mox87,mox87,0,0.0
mox87,mox87,1,0.1
mox87,mox87,2,0.400001
mox87,mox87,3,0.700002
mox87,mox87,4,1.0
mox87,mox87,5,1.3
mox87,mox87,6,1.6
mox87,mox87,7,2.00001
mox87,mox87,8,2.50001
mox87,mox87,9,3.00001
mox87,mox87,10,4.00001
mox87,mox87,11,5.00002
mox87,mox87,12,6.00002
mox87,mox87,13,7.00002
mox87,mox87,14,8.00003
mox87,mox87,15,10.0
mox87,mox87,16,12.0
mox87,mox87,17,14.0
mox87,mox87,18,16.0001
mox87,mox87,19,18.0001
mox87,mox87,20,20.0001
mox87,mox87,21,24.0001
mox87,mox87,22,28.0001
mox87,mox87,23,34.0001
mox87,mox87,24,42.0001
mox87,mox87,25,50.0002
