case,step,burnup_MWd_kgHM_global,ANA_KEFF,CONVERSION_RATIO,reactivity_pcm
M43-10,0,0.0,1.15569,0.618058,13471.605707412895
M43-10,1,0.1,1.13469,0.62781,11870.202434145007
M43-10,2,0.4,1.13141,0.629467,11614.71084752654
M43-10,3,0.7,1.12754,0.632117,11311.350373379215
M43-10,4,1.0,1.12419,0.634133,11047.064997909607
M43-10,5,1.3,1.12174,0.635404,10852.782284664892
M43-10,6,1.6,1.11948,0.637234,10672.81237717512
M43-10,7,2.0,1.11651,0.639058,10435.195385621257
M43-10,8,2.5,1.11297,0.641305,10150.318517120859
M43-10,9,3.0,1.11019,0.643351,9925.328096992407
M43-10,10,4.0,1.10464,0.647269,9472.769409038245
M43-10,11,5.0,1.09921,0.651334,9025.572911454592
M43-10,12,6.0,1.09425,0.65495,8613.205391820877
M43-10,13,7.0,1.08926,0.658874,8194.554100949259
M43-10,14,8.0,1.08417,0.662563,7763.542617855141
M43-10,15,10.0,1.07454,0.670241,6936.92184562697
M43-10,16,12.0,1.0657,0.676658,6164.961996809617
M43-10,17,14.0,1.05649,0.684294,5346.95075201847
M43-10,18,16.0,1.04804,0.691455,4583.794511659868
M43-10,19,18.0,1.0391,0.698576,3762.8717159079893
M43-10,20,20.0,1.03089,0.705491,2996.439969346883
M43-10,21,24.0,1.01482,0.719441,1460.3575018229888
M43-10,22,28.0,0.998928,0.73337,-107.31504172472508
M43-10,23,34.0,0.976649,0.752926,-2390.930620929322
M43-10,24,42.0,0.948141,0.778898,-5469.5451414926665
M43-10,25,50.0,0.922287,0.803317,-8426.118984654455
M43-15,0,0.0,1.15315,0.621403,13281.012877769579
M43-15,1,0.1,1.13231,0.631211,11684.962598581655
M43-15,2,0.4,1.12845,0.633583,11382.870308830694
M43-15,3,0.7,1.12412,0.635994,11041.52581574921
M43-15,4,1.0,1.12152,0.637534,10835.294956844287
M43-15,5,1.3,1.11913,0.639295,10644.875930410226
M43-15,6,1.6,1.11653,0.640572,10436.799727727874
M43-15,7,2.0,1.11373,0.642845,10211.631185296266
M43-15,8,2.5,1.11097,0.644576,9988.568548205623
M43-15,9,3.0,1.10724,0.646806,9685.343737581736
M43-15,10,4.0,1.10241,0.650526,9289.647227438058
M43-15,11,5.0,1.09712,0.654603,8852.26775557825
M43-15,12,6.0,1.09217,0.658435,8439.162401457656
M43-15,13,7.0,1.08704,0.662247,8007.065057403593
M43-15,14,8.0,1.08181,0.666106,7562.326101625974
M43-15,15,10.0,1.07256,0.673095,6765.122697098527
M43-15,16,12.0,1.06311,0.680849,5936.356538834176
M43-15,17,14.0,1.05442,0.687898,5161.131238026585
M43-15,18,16.0,1.04562,0.695346,4362.961687802452
M43-15,19,18.0,1.03711,0.701669,3578.2125329039327
M43-15,20,20.0,1.02921,0.709022,2838.099124571269
M43-15,21,24.0,1.0128,0.72301,1263.8230647709247
M43-15,22,28.0,0.997405,0.736445,-260.1751545259964
M43-15,23,34.0,0.97529,0.756129,-2533.6053891663
M43-15,24,42.0,0.947762,0.781869,-5511.721297118897
M43-15,25,50.0,0.922119,0.805454,-8445.873038078596
M43-20,0,0.0,1.15104,0.62396,13122.046149569089
M43-20,1,0.1,1.13002,0.633664,11505.991044406295
M43-20,2,0.4,1.12591,0.636613,11182.954232576312
M43-20,3,0.7,1.12236,0.638594,10902.027869845684
M43-20,4,1.0,1.11967,0.639857,10687.970562755094
M43-20,5,1.3,1.11711,0.641435,10483.300659738077
M43-20,6,1.6,1.11451,0.643579,10274.470395061498
M43-20,7,2.0,1.1117,0.645181,10047.674732391824
M43-20,8,2.5,1.10863,0.647798,9798.580229652815
M43-20,9,3.0,1.10542,0.649787,9536.646704420045
M43-20,10,4.0,1.10029,0.653274,9114.869716165736
M43-20,11,5.0,1.09494,0.657442,8670.794746744115
M43-20,12,6.0,1.08999,0.661119,8256.039046229784
M43-20,13,7.0,1.08497,0.665238,7831.552946164409
M43-20,14,8.0,1.07973,0.669058,7384.253470775108
M43-20,15,10.0,1.07042,0.676109,6578.726107509196
M43-20,16,12.0,1.06174,0.68335,5814.982952511906
M43-20,17,14.0,1.05297,0.690455,5030.5326837421735
M43-20,18,16.0,1.0445,0.697818,4260.411680229773
M43-20,19,18.0,1.03589,0.704703,3464.65358290938
M43-20,20,20.0,1.02772,0.711528,2697.2327092982496
M43-20,21,24.0,1.01163,0.725334,1149.629805363624
M43-20,22,28.0,0.996082,0.739194,-393.34111047082234
M43-20,23,34.0,0.974567,0.758471,-2609.6717824428733
M43-20,24,42.0,0.946965,0.784136,-5600.523778597948
M43-20,25,50.0,0.921579,0.807604,-8509.416989753452
M43-25,0,0.0,1.14904,0.625977,12970.827821485767
M43-25,1,0.1,1.12849,0.635813,11386.011395758935
M43-25,2,0.4,1.12407,0.638271,11037.568834681106
M43-25,3,0.7,1.12094,0.640158,10789.159098613667
M43-25,4,1.0,1.11825,0.641971,10574.558461882403
M43-25,5,1.3,1.11499,0.643714,10313.096978448231
M43-25,6,1.6,1.11304,0.645631,10155.96923740387
M43-25,7,2.0,1.11043,0.647037,9944.79616004611
M43-25,8,2.5,1.10656,0.649793,9629.843840370157
M43-25,9,3.0,1.10392,0.651555,9413.725632292195
M43-25,10,4.0,1.09858,0.655746,8973.402028072594
M43-25,11,5.0,1.09286,0.659792,8496.971249748362
M43-25,12,6.0,1.08772,0.664019,8064.575442209394
M43-25,13,7.0,1.0828,0.66735,7646.841521980051
M43-25,14,8.0,1.07855,0.670529,7282.92615085067
M43-25,15,10.0,1.06945,0.677827,6493.992239001357
M43-25,16,12.0,1.06004,0.685578,5663.937209916616
M43-25,17,14.0,1.05124,0.692426,4874.243750237811
M43-25,18,16.0,1.04265,0.699918,4090.538531626152
M43-25,19,18.0,1.03408,0.707087,3295.6831192944555
M43-25,20,20.0,1.02606,0.713671,2539.8124865992218
M43-25,21,24.0,1.01077,0.727089,1065.5243032539497
M43-25,22,28.0,0.995184,0.741201,-483.93060981688234
M43-25,23,34.0,0.973583,0.760454,-2713.3793420797224
M43-25,24,42.0,0.946599,0.785527,-5641.353941848664
M43-25,25,50.0,0.921351,0.808856,-8536.269022337847
M43-30,0,0.0,1.1476,0.627866,12861.624259323804
M43-30,1,0.1,1.12728,0.637176,11290.89489745228
M43-30,2,0.4,1.12288,0.639822,10943.288686235403
M43-30,3,0.7,1.11942,0.641809,10668.024512694079
M43-30,4,1.0,1.1167,0.643646,10450.434315393573
M43-30,5,1.3,1.114,0.645304,10233.39317773789
M43-30,6,1.6,1.11161,0.647137,10040.39186405304
M43-30,7,2.0,1.10845,0.648811,9783.93251838152
M43-30,8,2.5,1.10532,0.651239,9528.462345746035
M43-30,9,3.0,1.10246,0.653128,9293.761224897049
M43-30,10,4.0,1.09629,0.657587,8783.259903857554
M43-30,11,5.0,1.09182,0.661199,8409.811141030574
M43-30,12,6.0,1.08659,0.665344,7968.96713571816
M43-30,13,7.0,1.08156,0.669369,7540.959355005739
M43-30,14,8.0,1.07714,0.672712,7161.557457712088
M43-30,15,10.0,1.06799,0.679395,6366.16447719548
M43-30,16,12.0,1.0583,0.687455,5508.8349239346135
M43-30,17,14.0,1.04986,0.694417,4749.204655858877
M43-30,18,16.0,1.04144,0.701104,3979.1058534337003
M43-30,19,18.0,1.03285,0.70859,3180.5199206080306
M43-30,20,20.0,1.02508,0.715713,2446.6383111562013
M43-30,21,24.0,1.00954,0.728916,944.9848445826914
M43-30,22,28.0,0.99418,0.742574,-585.4070691424137
M43-30,23,34.0,0.972572,0.762301,-2820.151104494064
M43-30,24,42.0,0.945954,0.787058,-5713.385640316553
M43-30,25,50.0,0.920786,0.810856,-8602.867550114794
M43-5,0,0.0,1.15986,0.612764,13782.697911816935
M43-5,1,0.1,1.13822,0.622572,12143.52234190227
M43-5,2,0.4,1.13441,0.624638,11848.449854990693
M43-5,3,0.7,1.13097,0.627038,11580.32485388649
M43-5,4,1.0,1.12741,0.628972,11301.12381476127
M43-5,5,1.3,1.12549,0.630214,11149.810304845008
M43-5,6,1.6,1.12312,0.631696,10962.319253508076
M43-5,7,2.0,1.12043,0.633477,10748.551895254503
M43-5,8,2.5,1.11703,0.636078,10476.889609052574
M43-5,9,3.0,1.11361,0.638286,10201.955801402644
M43-5,10,4.0,1.10768,0.642226,9721.21912465694
M43-5,11,5.0,1.10278,0.646006,9320.081974645902
M43-5,12,6.0,1.09801,0.649525,8926.148213586392
M43-5,13,7.0,1.09277,0.653512,8489.435105282906
M43-5,14,8.0,1.0877,0.656972,8062.88498666911
M43-5,15,10.0,1.07765,0.66477,7205.493434788659
M43-5,16,12.0,1.06805,0.672064,6371.424558775333
M43-5,17,14.0,1.05924,0.679463,5592.689097843733
M43-5,18,16.0,1.05022,0.686849,4781.855230332686
M43-5,19,18.0,1.04181,0.693551,4013.207782609104
M43-5,20,20.0,1.03307,0.700676,3201.1383546129437
M43-5,21,24.0,1.01669,0.714455,1641.6016681584447
M43-5,22,28.0,1.00075,0.72864,74.94379215588592
M43-5,23,34.0,0.977877,0.748928,-2262.349968349803
M43-5,24,42.0,0.949745,0.774982,-5291.420328614528
M43-5,25,50.0,0.923048,0.798892,-8336.727884140373
M70-10,0,0.0,1.14662,0.631023,12787.148314175576
M70-10,1,0.1,1.12634,0.640479,11216.861693627137
M70-10,2,0.4,1.12182,0.643239,10859.139612415542
M70-10,3,0.7,1.11873,0.644954,10612.927158474342
M70-10,4,1.0,1.1156,0.646828,10362.136966654709
M70-10,5,1.3,1.11326,0.648326,10173.724017749664
M70-10,6,1.6,1.11078,0.650216,9973.172005257575
M70-10,7,2.0,1.10801,0.652109,9748.106966543619
M70-10,8,2.5,1.10445,0.65467,9457.195889356688
M70-10,9,3.0,1.1022,0.656121,9272.364362184728
M70-10,10,4.0,1.0959,0.661156,8750.798430513742
M70-10,11,5.0,1.09108,0.66432,8347.69219488947
M70-10,12,6.0,1.08598,0.66836,7917.272877953549
M70-10,13,7.0,1.08128,0.671698,7517.016868896125
M70-10,14,8.0,1.07661,0.675335,7115.854394813355
M70-10,15,10.0,1.06737,0.682566,6311.7756729156645
M70-10,16,12.0,1.05842,0.689807,5519.54800551765
M70-10,17,14.0,1.05013,0.696424,4773.694685419901
M70-10,18,16.0,1.04163,0.703663,3996.620681047978
M70-10,19,18.0,1.03288,0.711233,3183.332042444429
M70-10,20,20.0,1.02489,0.717827,2428.553308159908
M70-10,21,24.0,1.00947,0.731078,938.1160410908782
M70-10,22,28.0,0.994692,0.744818,-533.632521423715
M70-10,23,34.0,0.972671,0.764411,-2809.685906128593
M70-10,24,42.0,0.946378,0.788806,-5666.023512803546
M70-10,25,50.0,0.921285,0.812185,-8544.044459640609
M70-15,0,0.0,1.14234,0.636967,12460.38832571738
M70-15,1,0.1,1.12136,0.646962,10822.572590425903
M70-15,2,0.4,1.11725,0.649713,10494.517789214595
M70-15,3,0.7,1.11414,0.651683,10244.67302134381
M70-15,4,1.0,1.11101,0.653593,9991.809254642178
M70-15,5,1.3,1.10868,0.654696,9802.648194249025
M70-15,6,1.6,1.10548,0.657034,9541.556608893876
M70-15,7,2.0,1.10292,0.658833,9331.592499909324
M70-15,8,2.5,1.1002,0.660637,9107.43501181604
M70-15,9,3.0,1.09708,0.663282,8848.944470776976
M70-15,10,4.0,1.09164,0.666841,8394.708878384812
M70-15,11,5.0,1.08655,0.671106,7965.579126593338
M70-15,12,6.0,1.08135,0.675024,7523.003652841359
M70-15,13,7.0,1.07674,0.678465,7127.068744543717
M70-15,14,8.0,1.07212,0.682043,6726.858933701447
M70-15,15,10.0,1.06312,0.688979,5937.241327413656
M70-15,16,12.0,1.05461,0.696439,5178.217540133323
M70-15,17,14.0,1.04584,0.703243,4383.079629771293
M70-15,18,16.0,1.03764,0.710226,3627.462318337757
M70-15,19,18.0,1.02939,0.71778,2855.0889361660816
M70-15,20,20.0,1.02141,0.724152,2096.1220273934982
M70-15,21,24.0,1.0066,0.737402,655.6725610967553
M70-15,22,28.0,0.99199,0.750806,-807.4678172158954
M70-15,23,34.0,0.970863,0.769775,-3001.144342713644
M70-15,24,42.0,0.944779,0.794279,-5844.858956433194
M70-15,25,50.0,0.920764,0.816873,-8605.46242033789
M70-20,0,0.0,1.13812,0.641833,12135.802903033073
M70-20,1,0.1,1.11768,0.651625,10528.952830863933
M70-20,2,0.4,1.11323,0.654688,10171.303324560058
M70-20,3,0.7,1.10992,0.656466,9903.416462447745
M70-20,4,1.0,1.10735,0.657918,9694.315257145441
M70-20,5,1.3,1.10408,0.660471,9426.853126585027
M70-20,6,1.6,1.10196,0.661851,9252.604450252282
M70-20,7,2.0,1.09888,0.663928,8998.252766453123
M70-20,8,2.5,1.09616,0.665658,8772.4419792731
M70-20,9,3.0,1.09322,0.667995,8527.10341925688
M70-20,10,4.0,1.08769,0.672335,8062.039735586431
M70-20,11,5.0,1.0822,0.676032,7595.638514137871
M70-20,12,6.0,1.07734,0.680244,7178.792210444239
M70-20,13,7.0,1.07319,0.683032,6819.854825333825
M70-20,14,8.0,1.06808,0.68725,6374.054377949211
M70-20,15,10.0,1.05994,0.693849,5655.037077570438
M70-20,16,12.0,1.05108,0.700964,4859.76329109107
M70-20,17,14.0,1.043,0.708301,4122.722914669217
M70-20,18,16.0,1.03471,0.715116,3354.56311430256
M70-20,19,18.0,1.02695,0.721613,2624.2757680510276
M70-20,20,20.0,1.01905,0.728393,1869.3881556351516
M70-20,21,24.0,1.00464,0.741793,461.85698359611183
M70-20,22,28.0,0.989722,0.754921,-1038.4734299126433
M70-20,23,34.0,0.968657,0.77442,-3235.7170804526277
M70-20,24,42.0,0.943013,0.798928,-6043.0768186652795
M70-20,25,50.0,0.919015,0.821716,-8812.15214115112
M70-25,0,0.0,1.13485,0.645502,11882.627660043172
M70-25,1,0.1,1.11474,0.655316,10292.983117139427
M70-25,2,0.4,1.11027,0.657703,9931.818386518602
M70-25,3,0.7,1.10627,0.66059,9606.1540130348
M70-25,4,1.0,1.10362,0.662069,9389.101321106906
M70-25,5,1.3,1.10135,0.663581,9202.342579561451
M70-25,6,1.6,1.09869,0.665649,8982.515541235467
M70-25,7,2.0,1.09566,0.667416,8730.810652939786
M70-25,8,2.5,1.09263,0.669733,8477.709746208688
M70-25,9,3.0,1.08995,0.671747,8252.672140923893
M70-25,10,4.0,1.08444,0.675977,7786.507321751325
M70-25,11,5.0,1.07975,0.679641,7385.968974299606
M70-25,12,6.0,1.07473,0.683173,6953.3743358797055
M70-25,13,7.0,1.07047,0.687257,6583.089670892228
M70-25,14,8.0,1.06528,0.690869,6127.966356263142
M70-25,15,10.0,1.0567,0.697574,5365.761332450078
M70-25,16,12.0,1.04883,0.704414,4655.663930284215
M70-25,17,14.0,1.04026,0.711643,3870.1862995789484
M70-25,18,16.0,1.03193,0.718557,3094.2021261132068
M70-25,19,18.0,1.02445,0.725363,2386.6464932402832
M70-25,20,20.0,1.01669,0.732145,1641.6016681584447
M70-25,21,24.0,1.00188,0.745153,187.6472232203561
M70-25,22,28.0,0.98763,0.758445,-1252.493342648562
M70-25,23,34.0,0.967296,0.777575,-3380.9712849014113
M70-25,24,42.0,0.941699,0.802098,-6191.044059726096
M70-25,25,50.0,0.917965,0.824372,-8936.615230428171
M70-30,0,0.0,1.13197,0.648554,11658.43617763721
M70-30,1,0.1,1.11167,0.658475,10045.247240637955
M70-30,2,0.4,1.10726,0.660836,9686.975055542503
M70-30,3,0.7,1.10412,0.662767,9430.134405680541
M70-30,4,1.0,1.10073,0.665116,9151.19965840851
M70-30,5,1.3,1.09856,0.666485,8971.744829595105
M70-30,6,1.6,1.09592,0.668297,8752.463683480546
M70-30,7,2.0,1.09308,0.670333,8515.387711786881
M70-30,8,2.5,1.09004,0.672434,8260.247330373188
M70-30,9,3.0,1.08691,0.674586,7996.06223146351
M70-30,10,4.0,1.08199,0.678543,7577.704045323895
M70-30,11,5.0,1.07691,0.68234,7141.72957814488
M70-30,12,6.0,1.07201,0.686298,6717.288084999198
M70-30,13,7.0,1.06767,0.689858,6338.100724006472
M70-30,14,8.0,1.06301,0.693821,5927.50773746249
M70-30,15,10.0,1.05439,0.700334,5158.432837944209
M70-30,16,12.0,1.04586,0.707568,4384.9081138966985
M70-30,17,14.0,1.0378,0.715038,3642.3202929273516
M70-30,18,16.0,1.03012,0.72131,2923.931192482422
M70-30,19,18.0,1.02249,0.728274,2199.5325137654063
M70-30,20,20.0,1.01471,0.735232,1449.6752766800369
M70-30,21,24.0,0.999751,0.748467,-24.906201644214885
M70-30,22,28.0,0.985769,0.761549,-1443.6445049499418
M70-30,23,34.0,0.965517,0.780695,-3571.454464292192
M70-30,24,42.0,0.94065,0.804329,-6309.4668580237085
M70-30,25,50.0,0.917392,0.826969,-9004.656678933326
M70-5,0,0.0,1.15423,0.620844,13362.154856484414
M70-5,1,0.1,1.13265,0.630906,11711.47309407142
M70-5,2,0.4,1.12875,0.633777,11406.423034330004
M70-5,3,0.7,1.1252,0.635822,11126.910771418414
M70-5,4,1.0,1.12258,0.63706,10919.489034189093
M70-5,5,1.3,1.11986,0.639134,10703.123604736313
M70-5,6,1.6,1.11762,0.640403,10524.149532041307
M70-5,7,2.0,1.11443,0.642274,10268.029396193571
M70-5,8,2.5,1.11083,0.645094,9977.224237732145
M70-5,9,3.0,1.10825,0.64714,9767.65170313557
M70-5,10,4.0,1.10275,0.650577,9317.615053275893
M70-5,11,5.0,1.09715,0.65455,8854.760060155864
M70-5,12,6.0,1.0923,0.658122,8450.059507461325
M70-5,13,7.0,1.08743,0.661967,8040.057750843724
M70-5,14,8.0,1.08277,0.665508,7644.282719321741
M70-5,15,10.0,1.07304,0.673447,6806.829195556549
M70-5,16,12.0,1.06461,0.679773,6068.889076751116
M70-5,17,14.0,1.05547,0.687123,5255.478601949834
M70-5,18,16.0,1.04627,0.69441,4422.376633182643
M70-5,19,18.0,1.03791,0.701523,3652.5324931834266
M70-5,20,20.0,1.02937,0.708892,2853.201472745456
M70-5,21,24.0,1.01325,0.722654,1307.6733283987155
M70-5,22,28.0,0.997669,0.735888,-233.64462562232282
M70-5,23,34.0,0.975437,0.756411,-2518.1534020136614
M70-5,24,42.0,0.948171,0.781345,-5466.208099593851
M70-5,25,50.0,0.922325,0.80536,-8421.651803865238
M87-10,0,0.0,1.15625,0.617265,13513.513513513515
M87-10,1,0.1,1.13523,0.626909,11912.123534437951
M87-10,2,0.4,1.13059,0.629408,11550.60632059367
M87-10,3,0.7,1.1273,0.631832,11292.468730595225
M87-10,4,1.0,1.12463,0.632764,11081.866925122042
M87-10,5,1.3,1.12151,0.635251,10834.499915292776
M87-10,6,1.6,1.11969,0.63655,10689.565861979661
M87-10,7,2.0,1.11659,0.638596,10441.612409210182
M87-10,8,2.5,1.1134,0.640624,10185.018861146034
M87-10,9,3.0,1.1107,0.642417,9966.687674439545
M87-10,10,4.0,1.10446,0.646958,9458.015681871684
M87-10,11,5.0,1.09899,0.651184,9007.361304470462
M87-10,12,6.0,1.09436,0.654358,8622.391169267883
M87-10,13,7.0,1.08913,0.658065,8183.596081275875
M87-10,14,8.0,1.08413,0.662109,7760.1394666691285
M87-10,15,10.0,1.07473,0.668863,6953.3743358797055
M87-10,16,12.0,1.06553,0.6768,6149.991084249161
M87-10,17,14.0,1.05646,0.683702,5344.262915775321
M87-10,18,16.0,1.04758,0.690932,4541.89656159911
M87-10,19,18.0,1.03904,0.698055,3757.314444102245
M87-10,20,20.0,1.03029,0.705819,2939.948946413139
M87-10,21,24.0,1.01424,0.718889,1404.0069411579143
M87-10,22,28.0,0.998651,0.733326,-135.08222592277428
M87-10,23,34.0,0.976112,0.753229,-2447.2601504745376
M87-10,24,42.0,0.94771,0.778888,-5517.51063088919
M87-10,25,50.0,0.92163,0.803292,-8503.412432321004
M87-15,0,0.0,1.1537,0.620502,13322.354164860877
M87-15,1,0.1,1.13288,0.630109,11729.397641409514
M87-15,2,0.4,1.12839,0.632755,11378.158260884979
M87-15,3,0.7,1.12542,0.63464,11144.283911784052
M87-15,4,1.0,1.12212,0.636687,10882.971518197699
M87-15,5,1.3,1.11901,0.638528,10635.293697107269
M87-15,6,1.6,1.11729,0.639526,10497.722167029144
M87-15,7,2.0,1.11427,0.641428,10255.144623834445
M87-15,8,2.5,1.11093,0.644037,9985.327608400166
M87-15,9,3.0,1.108,0.646027,9747.292418772571
M87-15,10,4.0,1.10252,0.650047,9298.697529296516
M87-15,11,5.0,1.09701,0.654069,8843.12813921478
M87-15,12,6.0,1.09236,0.657707,8455.08806620528
M87-15,13,7.0,1.08694,0.661382,7998.601578743998
M87-15,14,8.0,1.08218,0.66488,7593.930769372925
M87-15,15,10.0,1.07265,0.672637,6772.945508786658
M87-15,16,12.0,1.06333,0.679983,5955.81804331676
M87-15,17,14.0,1.05443,0.687228,5162.030670599279
M87-15,18,16.0,1.04564,0.694281,4364.790941432989
M87-15,19,18.0,1.03703,0.701752,3570.7742302536954
M87-15,20,20.0,1.02878,0.708148,2797.488287097341
M87-15,21,24.0,1.01288,0.721957,1271.6215148882397
M87-15,22,28.0,0.99725,0.735912,-275.7583354224147
M87-15,23,34.0,0.974622,0.756321,-2603.8812996218035
M87-15,24,42.0,0.947069,0.781865,-5588.9275227042535
M87-15,25,50.0,0.920973,0.806044,-8580.816158562733
M87-20,0,0.0,1.15214,0.62243,13204.992448834339
M87-20,1,0.1,1.13036,0.632718,11532.609080293007
M87-20,2,0.4,1.12641,0.634886,11222.37906268587
M87-20,3,0.7,1.12246,0.637301,10909.965611246727
M87-20,4,1.0,1.12001,0.639204,10715.082901045522
M87-20,5,1.3,1.11772,0.640786,10532.154743585159
M87-20,6,1.6,1.1154,0.641941,10346.064192218033
M87-20,7,2.0,1.11251,0.644166,10113.167522089698
M87-20,8,2.5,1.10935,0.646271,9857.123540812192
M87-20,9,3.0,1.10595,0.648392,9579.99909579999
M87-20,10,4.0,1.10053,0.652492,9134.689649532498
M87-20,11,5.0,1.09524,0.656391,8695.810963807018
M87-20,12,6.0,1.08992,0.66023,8250.14679976512
M87-20,13,7.0,1.08509,0.663856,7841.745845966703
M87-20,14,8.0,1.07974,0.66768,7385.111230481406
M87-20,15,10.0,1.07075,0.674957,6607.518094793377
M87-20,16,12.0,1.06182,0.682245,5822.07907178241
M87-20,17,14.0,1.05304,0.689083,5036.845703866898
M87-20,18,16.0,1.04435,0.696285,4246.660602288494
M87-20,19,18.0,1.0357,0.703714,3446.9440957806373
M87-20,20,20.0,1.02776,0.710352,2701.019693313615
M87-20,21,24.0,1.01123,0.724418,1110.5287620027168
M87-20,22,28.0,0.995772,0.738008,-424.5951884567963
M87-20,23,34.0,0.973193,0.758921,-2754.540980052264
M87-20,24,42.0,0.945968,0.78402,-5711.821118684772
M87-20,25,50.0,0.92076,0.807384,-8605.93422824623
M87-25,0,0.0,1.14982,0.624789,13029.865544172137
M87-25,1,0.1,1.12936,0.634096,11454.274987603592
M87-25,2,0.4,1.12483,0.63654,11097.676982299547
M87-25,3,0.7,1.12125,0.63885,10813.823857302124
M87-25,4,1.0,1.11851,0.640633,10595.3455936916
M87-25,5,1.3,1.11593,0.642269,10388.644449024589
M87-25,6,1.6,1.11345,0.644247,10189.052045444343
M87-25,7,2.0,1.11077,0.645717,9972.361514985103
M87-25,8,2.5,1.10776,0.647737,9727.738860402982
M87-25,9,3.0,1.10407,0.650473,9426.032769661351
M87-25,10,4.0,1.09853,0.654186,8969.258918736858
M87-25,11,5.0,1.09355,0.657851,8554.707146449638
M87-25,12,6.0,1.08825,0.662104,8109.349873650351
M87-25,13,7.0,1.08357,0.665821,7712.468968317685
M87-25,14,8.0,1.07874,0.66946,7299.256540037453
M87-25,15,10.0,1.06955,0.676435,6502.734795007246
M87-25,16,12.0,1.0606,0.68353,5713.746935696774
M87-25,17,14.0,1.05128,0.691058,4877.863176318392
M87-25,18,16.0,1.0428,0.698374,4104.334484081315
M87-25,19,18.0,1.03417,0.705083,3304.0989392459683
M87-25,20,20.0,1.02611,0.712435,2544.5614992544733
M87-25,21,24.0,1.01012,0.726168,1001.8611650100886
M87-25,22,28.0,0.994402,0.740352,-562.9514019481046
M87-25,23,34.0,0.97293,0.75986,-2782.317330126529
M87-25,24,42.0,0.945277,0.785474,-5789.096740955293
M87-25,25,50.0,0.91995,0.809437,-8701.55986738409
M87-30,0,0.0,1.14945,0.625454,13001.87045978512
M87-30,1,0.1,1.12792,0.635575,11341.229874459184
M87-30,2,0.4,1.12305,0.637992,10956.769511597888
M87-30,3,0.7,1.12037,0.63989,10743.772146701544
M87-30,4,1.0,1.11729,0.641517,10497.722167029144
M87-30,5,1.3,1.11465,0.643396,10285.739918360017
M87-30,6,1.6,1.112,0.645309,10071.942446043173
M87-30,7,2.0,1.10936,0.646861,9857.936107305106
M87-30,8,2.5,1.10609,0.649244,9591.44373423501
M87-30,9,3.0,1.1032,0.65088,9354.604786076865
M87-30,10,4.0,1.09739,0.655385,8874.693591157207
M87-30,11,5.0,1.09223,0.659192,8444.192157329502
M87-30,12,6.0,1.08718,0.662976,8018.911311834289
M87-30,13,7.0,1.08234,0.667175,7607.5909603267055
M87-30,14,8.0,1.07761,0.670442,7202.048978758545
M87-30,15,10.0,1.06817,0.677781,6381.942949156039
M87-30,16,12.0,1.05928,0.684955,5596.254059361076
M87-30,17,14.0,1.05036,0.692348,4794.546631631056
M87-30,18,16.0,1.0419,0.69913,4021.4991841827473
M87-30,19,18.0,1.03319,0.706624,3212.3810722132475
M87-30,20,20.0,1.02488,0.713582,2427.6012801498723
M87-30,21,24.0,1.00908,0.727356,899.8295477068198
M87-30,22,28.0,0.994022,0.740929,-601.3951401478075
M87-30,23,34.0,0.971607,0.761803,-2922.2720709093287
M87-30,24,42.0,0.944471,0.786476,-5879.375862255172
M87-30,25,50.0,0.919152,0.810686,-8795.933643184157
M87-5,0,0.0,1.15976,0.612774,13775.263847692617
M87-5,1,0.1,1.13885,0.621938,12192.123633489919
M87-5,2,0.4,1.13436,0.624481,11844.56433583695
M87-5,3,0.7,1.13101,0.626613,11583.451958868627
M87-5,4,1.0,1.12817,0.628351,11360.876463653518
M87-5,5,1.3,1.1255,0.629668,11150.599733451794
M87-5,6,1.6,1.12327,0.631587,10974.20922841347
M87-5,7,2.0,1.12049,0.633357,10753.3311319155
M87-5,8,2.5,1.11685,0.635702,10462.461386936466
M87-5,9,3.0,1.11366,0.637829,10205.987464755857
M87-5,10,4.0,1.10821,0.6419,9764.394834913954
M87-5,11,5.0,1.10253,0.645755,9299.52019446183
M87-5,12,6.0,1.09733,0.6497,8869.711025853656
M87-5,13,7.0,1.09228,0.653322,8448.383198447278
M87-5,14,8.0,1.08713,0.657135,8014.680856935227
M87-5,15,10.0,1.0779,0.664413,7227.015493088419
M87-5,16,12.0,1.06858,0.671542,6417.862958318524
M87-5,17,14.0,1.05907,0.679162,5577.535007128892
M87-5,18,16.0,1.05,0.686128,4761.904761904766
M87-5,19,18.0,1.04132,0.693763,3968.0405638996676
M87-5,20,20.0,1.0328,0.700992,3175.832687838879
M87-5,21,24.0,1.0166,0.714508,1632.893960259684
M87-5,22,28.0,1.00013,0.728986,12.998310219667792
M87-5,23,34.0,0.977336,0.74961,-2318.9568377712494
M87-5,24,42.0,0.949125,0.775203,-5360.200184380351
M87-5,25,50.0,0.922086,0.799658,-8449.75414440736
mox1,0,0.0,1.16625,0.603491,14255.091103965702
mox1,1,0.1,1.14515,0.612623,12675.195389250308
mox1,2,0.4,1.14083,0.614976,12344.521094291
mox1,3,0.7,1.13715,0.617315,12060.853889108745
mox1,4,1.0,1.13394,0.618903,11811.912446866674
mox1,5,1.3,1.13193,0.620372,11655.314374563806
mox1,6,1.6,1.12931,0.62209,11450.354641329664
mox1,7,2.0,1.12615,0.623977,11201.882520090572
mox1,8,2.5,1.12306,0.626217,10957.562374227553
mox1,9,3.0,1.11984,0.628159,10701.528789827114
mox1,10,4.0,1.11436,0.631866,10262.392763559354
mox1,11,5.0,1.1085,0.636305,9788.001804239966
mox1,12,6.0,1.10336,0.639735,9367.749419953587
mox1,13,7.0,1.09776,0.643923,8905.407375018225
mox1,14,8.0,1.09301,0.647704,8509.528732582505
mox1,15,10.0,1.08321,0.655117,7681.797620036743
mox1,16,12.0,1.07355,0.662462,6851.101485724932
mox1,17,14.0,1.06405,0.669934,6019.453973027578
mox1,18,16.0,1.05476,0.67748,5191.702377792097
mox1,19,18.0,1.04566,0.684732,4366.620125088464
mox1,20,20.0,1.03704,0.691758,3571.7040808454794
mox1,21,24.0,1.02005,0.706022,1965.5899220626345
mox1,22,28.0,1.00347,0.720519,345.8000737441163
mox1,23,34.0,0.980221,0.740958,-2017.8102693168164
mox1,24,42.0,0.95034,0.76825,-5225.498242734184
mox1,25,50.0,0.923167,0.793311,-8322.762837059821
mox43,0,0.0,1.13505,0.631466,11898.154266331872
mox43,1,0.1,1.1082,0.644511,9763.580581122547
mox43,2,0.4,1.10253,0.648319,9299.52019446183
mox43,3,0.7,1.09839,0.650988,8957.656205901363
mox43,4,1.0,1.09483,0.653636,8661.618698793418
mox43,5,1.3,1.0921,0.656121,8433.293654427256
mox43,6,1.6,1.08943,0.657806,8208.87987296108
mox43,7,2.0,1.08605,0.660561,7923.207955434828
mox43,8,2.5,1.08274,0.663486,7641.723774867469
mox43,9,3.0,1.0795,0.666498,7364.520611394156
mox43,10,4.0,1.07244,0.67282,6754.690239080979
mox43,11,5.0,1.0659,0.6784,6182.568721268418
mox43,12,6.0,1.05936,0.684387,5603.383174747025
mox43,13,7.0,1.05331,0.690131,5061.188064292561
mox43,14,8.0,1.04684,0.695887,4474.418249207137
mox43,15,10.0,1.03444,0.70786,3329.3376126213243
mox43,16,12.0,1.02284,0.717802,2232.998318407568
mox43,17,14.0,1.01156,0.729062,1142.7893550555593
mox43,18,16.0,1.00079,0.739559,78.9376392649875
mox43,19,18.0,0.990381,0.749641,-971.2423804576265
mox43,20,20.0,0.979433,0.760177,-2099.888404821974
mox43,21,24.0,0.959888,0.779443,-4178.820862433955
mox43,22,28.0,0.940865,0.798177,-6285.173749687793
mox43,23,34.0,0.913871,0.824546,-9424.634330228228
mox43,24,42.0,0.882441,0.855142,-13322.023795358553
mox43,25,50.0,0.854176,0.881076,-17071.891507136697
mox70,0,0.0,1.16961,0.59968,14501.415001581727
mox70,1,0.1,1.14859,0.609157,12936.731122506726
mox70,2,0.4,1.14419,0.611602,12601.92800146829
mox70,3,0.7,1.14097,0.613751,12355.276650569254
mox70,4,1.0,1.13843,0.615281,12159.728749242382
mox70,5,1.3,1.13542,0.617214,11926.86406792201
mox70,6,1.6,1.13294,0.618579,11734.072413366997
mox70,7,2.0,1.13035,0.620279,11531.826425443443
mox70,8,2.5,1.1265,0.622779,11229.471815357307
mox70,9,3.0,1.12383,0.624338,11018.570424352445
mox70,10,4.0,1.11799,0.62848,10553.761661553326
mox70,11,5.0,1.11307,0.632209,10158.390757095241
mox70,12,6.0,1.10711,0.635902,9674.73873418179
mox70,13,7.0,1.10197,0.639875,9253.427951759113
mox70,14,8.0,1.0969,0.643488,8833.986689762056
mox70,15,10.0,1.08753,0.650264,8048.513604222421
mox70,16,12.0,1.07733,0.657905,7177.93062478534
mox70,17,14.0,1.06811,0.665104,6376.6840493956515
mox70,18,16.0,1.05927,0.672304,5595.362844222902
mox70,19,18.0,1.05054,0.679027,4810.85917718507
mox70,20,20.0,1.04202,0.68621,4032.552158307897
mox70,21,24.0,1.02467,0.700435,2407.604399465191
mox70,22,28.0,1.00877,0.714132,869.375576196749
mox70,23,34.0,0.985359,0.734784,-1485.8543941852681
mox70,24,42.0,0.955855,0.761023,-4618.378310517807
mox70,25,50.0,0.928488,0.786451,-7701.984301358771
mox87,0,0.0,1.18557,0.5852,15652.386615720709
mox87,1,0.1,1.16837,0.59252,14410.674700651327
mox87,2,0.4,1.1646,0.594414,14133.608105787402
mox87,3,0.7,1.16153,0.5963,13906.657598167929
mox87,4,1.0,1.15891,0.59752,13712.02250390454
mox87,5,1.3,1.15683,0.598852,13556.87525392668
mox87,6,1.6,1.15399,0.600367,13344.136430991608
mox87,7,2.0,1.15148,0.601512,13155.24368638622
mox87,8,2.5,1.14864,0.602936,12940.520963922561
mox87,9,3.0,1.14571,0.604697,12717.877997049865
mox87,10,4.0,1.13966,0.608341,12254.532053419432
mox87,11,5.0,1.13493,0.611709,11888.838959230965
mox87,12,6.0,1.12906,0.615091,11430.747701627899
mox87,13,7.0,1.12519,0.617526,11126.120921799868
mox87,14,8.0,1.12009,0.621117,10721.459882688001
mox87,15,10.0,1.11117,0.627121,10004.769747203398
mox87,16,12.0,1.10249,0.633156,9296.229444257997
mox87,17,14.0,1.09365,0.639009,8563.068623416999
mox87,18,16.0,1.08504,0.645284,7837.499078374992
mox87,19,18.0,1.07671,0.651079,7124.481058037917
mox87,20,20.0,1.06899,0.657303,6453.755413988915
mox87,21,24.0,1.05335,0.668577,5064.793278587365
mox87,22,28.0,1.03791,0.681246,3652.5324931834266
mox87,23,34.0,1.01603,0.698807,1577.7093196067033
mox87,24,42.0,0.988135,0.722466,-1200.7468615118394
mox87,25,50.0,0.962219,0.744962,-3926.4450192731547
